-- start transaction
BEGIN;

TRUNCATE TABLE users RESTART IDENTITY CASCADE;
TRUNCATE TABLE authorizations RESTART IDENTITY CASCADE;
TRUNCATE TABLE educations RESTART IDENTITY CASCADE;
TRUNCATE TABLE roles RESTART IDENTITY CASCADE;
TRUNCATE TABLE organization_structure RESTART IDENTITY CASCADE;
TRUNCATE TABLE positions RESTART IDENTITY CASCADE;
TRUNCATE TABLE departments RESTART IDENTITY CASCADE;
TRUNCATE TABLE policies RESTART IDENTITY CASCADE;

INSERT INTO public.roles (id, title, description)
VALUES (1, 'admin', 'Администратор системы. Имеет доступ к созданию аккаунтов для HR и рекрутёров, их настройке.'),
        (2, 'hr', 'HR компании. Имеет доступ к созданию и редактированию данных сотрудников (карточки)'),
        (3, 'recruiter', 'Специалист по подбору персонала. Может просматривать только данные кандидатов.'),
        (4, 'employee', 'Сотрудник компании. Может просматривать только свои данные.'),
        (5, 'candidate', 'Кандидат на должность в компании. Может создать и отправить свою анкету на вакансию.');

INSERT INTO public.departments (id, title, description)
VALUES  (1, 'Управление', 'Самое главное подразделение'),
        (2, 'Отдел управления персоналом', 'Самый добрый отдел'),
        (3, 'Отдел подбора персонала', 'Самый общительный отдел'),
        (4, 'Бухгалтерия', 'Самый щедрый отдел');

INSERT INTO public.positions (id, title, description)
VALUES  (1, 'Директор', 'Самый гуманный и солнцеликий управленец'),
        (2, 'Начальник отдела', 'Первый после солнцеликого'),
        (3, 'Главный специалист', 'Ведущий сотрудник любого отдела'),
        (4, 'Специалист', 'Сотрудник любого отдела');

INSERT INTO public.organization_structure (id, head_department_id, head_position_id, subordinate_department_id)
VALUES  (1, 1, null, 2),
        (2, 1, null, 3),
        (3, 1, null, 4);

INSERT INTO public.users (id, lastname, firstname, middlename, gender, date_of_birth, place_of_birth, position_id, department_id, grade, phone_numbers, work_email, registration_address, residential_address, nationality, insurance_number, taxpayer_number)
VALUES  (1, 'Корепанов', 'Роман', 'Даниилович', 'Мужской', '1988-12-14', 'г. Серпухов', 1, 1, '6', '{"mobile": "+79215511436"}', 'korepanov@company.com', 'Россия, г. Хасавюрт, Заречная ул., д. 24 кв.199', 'Россия, г. Серпухов, Зеленая ул., д. 2 кв.90', 'русский', '34665359207', '298885601004'),
        (2, 'Яппарова', 'Галина', 'Гермоновна', 'Женский', '1993-08-09', 'г. Дербент', 2, 2, '5', '{"mobile": "+79215511436"}', 'yapparova@company.com', 'Россия, г. Рязань, Ленина В.И.ул., д. 6 кв.145', 'Россия, г. Дербент, Комсомольская ул., д. 21 кв.50', 'русский', '52759362623', '154912198705'),
        (3, 'Кучеров', 'Герман', 'Антонович', 'Мужской', '1981-08-22', 'г. Красноярск', 2, 3, '5', '{"mobile": "+79215511436"}', 'kucherov@company.com', 'Россия, г. Реутов, Ленина В.И.ул., д. 23 кв.22', 'Россия, г. Красноярск, Почтовая ул., д. 3 кв.201', 'русский', '64190091782', '581551039113'),
        (4, 'Дарюшина', 'Ольга', 'Герасимовна', 'Женский', '1983-05-13', 'г. Железногорск', 2, 4, '5', '{"mobile": "+79215511436"}', 'daryushina@company.com', 'Россия, г. Казань, Чкалова ул., д. 7 кв.149', 'Россия, г. Железногорск, Речная ул., д. 22 кв.137', 'русский', '87293349859', '110483833670'),
        (5, 'Яловенко', 'Римма', 'Феодосьевна', 'Женский', '1979-04-17', 'г. Нижний Тагил', 3, 4, '4', '{"mobile": "+79215511436"}', 'yalovenko@company.com', 'Россия, г. Ковров, Колхозный пер., д. 11 кв.57', 'Россия, г. Нижний Тагил, Новоселов ул., д. 17 кв.105', 'русский', '48499927384', '660070348269'),
        (6, 'Гроссман', 'Семен', 'Сергеевич', 'Мужской', '1997-02-23', 'г. Новомосковск', 4, 4, '3', '{"mobile": "+79215511436"}', 'grossman@company.com', 'Россия, г. Одинцово, Коммунистическая ул., д. 7 кв.102', 'Россия, г. Новомосковск, Якуба Коласа ул., д. 15 кв.101', 'русский', '26899661063', '472328433371'),
        (7, 'Цельнер', 'Татьяна', 'Аркадивна', 'Женский', '1987-03-09', 'г. Брянск', 4, 2, '3', '{"mobile": "+79215511436"}', 'zelner@company.com', 'Россия, г. Абакан, Юбилейная ул., д. 15 кв.64', 'Россия, г. Брянск, Речная ул., д. 2 кв.3', 'русский', '30049154628', '273169571690'),
        (8, 'Мартюшева', 'Полина', 'Акимовна', 'Женский', '1988-07-21', 'г. Орехово-Зуево', 4, 2, '3', '{"mobile": "+79215511436"}', 'martyusheva@company.com', 'Россия, г. Арзамас, Якуба Коласа ул., д. 3 кв.35', 'Россия, г. Орехово-Зуево, Новый пер., д. 12 кв.43', 'русский', '79294540861', '646764546435'),
        (9, 'Сиянович', 'Мила', 'Павловна', 'Женский', '1998-11-14', 'г. Первоуральск', 4, 3, '3', '{"mobile": "+79215511436"}', 'siyanovich@company.com', 'Россия, г. Муром, Березовая ул., д. 5 кв.201', 'Россия, г. Первоуральск, Заводская ул., д. 5 кв.56', 'русский', '65167909125', '350651114375'),
        (10, 'Грибов', 'Захар', 'Вениаминович', 'Мужской', '1956-09-09', 'г. Норильск', 4, 3, '3', '{"mobile": "+79215511436"}', 'gribov@company.com', 'Россия, г. Салават, Молодежный пер., д. 12 кв.141', 'Россия, г. Норильск, Речная ул., д. 23 кв.82', 'русский', '27281788613', '993152634947'),
        (11, 'Трохин', 'Леонид', 'Юринович', 'Мужской', '1981-12-16', 'г. Владимир', 4, 2, '3', '{"mobile": "+79944477518"}', 'trohin@company.com', 'Россия, г. Тверь, Строителей ул., д. 14 кв.2', 'Россия, г. Октябрьский, Строителей ул., д. 22 кв.179', 'русский', '78905432165', '546486428967'),
        (12, 'Головаха', 'Юлия', 'Валерьевна', 'Женский', '1977-10-17', ' г. Улан-Удэ', 4, 2, '3', '{"mobile": "+79068801143"}', 'golovaha@company.com', 'Россия, г. Белгород, Заречная ул., д. 2 кв.73', 'Россия, г. Череповец, Ленинская ул., д. 13 кв.111', 'русский', '43216543217', '110408673323'),
        (13, 'Ермилова', 'Оксана', 'Константиновна', 'Женский', '1996-06-11', 'г.  Рыбинск', 4, 2, '3', '{"mobile": "+79855621221"}', 'ermilova@company.com', 'Россия, г. Коломна, Октябрьская ул., д. 11 кв.160', 'Россия, г. Якутск, Березовая ул., д. 25 кв.99', 'русский', '27890543216', '112418777221'),
        (14, 'Милехина', 'Светлана', 'Артемова', 'Женский', '1970-07-06', 'г. Ижевск', 4, 3 , '3', '{"mobile": "+79927083380"}', 'milehina@company.com', 'Россия, г. Каспийск, Первомайский пер., д. 15 кв.216', 'Россия, г. Псков, Колхозная ул., д. 19 кв.76', 'русский', '53978718262', '333640999544'),
        (15, 'Платущихина', 'Жанна', 'Петровна', 'Женский', '1971-08-26', 'г. Санкт-Петербург', 3, 3, '4', '{"mobile": "+7996327453"}', 'platushchihina@company.com', 'Россия, г. Сургут, Дорожная ул., д. 14 кв.75', 'Россия, г. Братск, Приозерная ул., д. 9 кв.156', 'русский', '12372689744','543210987654321'),
        (16, 'Тесла', 'Елена', 'Антоновна', 'Женский', '1995-07-16', 'г. Новочеркасск', 4, 4, '3', '{"mobile": "+79791034416"}', 'tesla@company.com', 'Россия, г. Владимир, Сельская ул., д. 22 кв.138', 'Россия, г. Норильск, Чкалова ул., д. 2 кв.102', 'русский', '65432178905', '543210987654321'),
        (17, 'Ярославцева',	'Ярослава',	'Тарасовна', 'Женский', '1967-02-09', ' г. Волгодонск', 4, 4, '3', '{"mobile": "+79839613895"}', 'yaroslavec@company.com', 'Россия, г. Дербент, Луговая ул., д. 6 кв.39', 'Россия, г. Миасс, Почтовая ул., д. 15 кв.197', 'русский', '98714563278', '109876543210987'),
        (18, 'Гордеев',	'Вениамин',	'Федорович', 'Мужской', '1977-05-12', 'г. Красногорск', 4, 4, '3', '{"mobile": "+79544053136"}', 'gordeev@company.com', 'Россия, г. Тула, Трудовая ул., д. 3 кв.83', 'Россия, г. Березники, Дорожная ул., д. 2 кв.70', 'русский', '27890543216', '876543210987654'),
        (19, 'Ажикелямова',	'Римма', 'Николаевна', 'Женский', '1963-07-24', 'г. Южно-Сахалинск', 4,4, '3', '{"mobile": "+79292561624"}', 'ajikelyamova@company.com', 'Россия, г. Ачинск, Цветочная ул., д. 13 кв.107', 'Россия, г. Северодвинск, Первомайская ул., д. 4 кв.56', 'русский', '78905432165', '765432109876543'),
        (20, 'Ложкина',	'Кира',	'Венедиктовна', 'Женский', '1967-02-05', 'г. Ижевск', 4, 2, '3', '{"mobile": "+79074117464"}', 'lozhkina@company.com', 'Россия, г. Ковров, Октябрьский пер., д. 9 кв.87', 'Россия, г. Владикавказ, Почтовая ул., д. 6 кв.36', 'русский', '43216543217', '654321098765432'),
        (21, 'Сабитова', 'Варвара',	'Юлиановна', 'Женский', '1985-09-19', 'г. Якутск', 4, 2, '3', '{"mobile": "+79806549141"}', 'sabitova@company.com', 'Россия, г. Волгодонск, Приозерная ул., д. 11 кв.186', 'Россия, г. Пермь, Первомайский пер., д. 8 кв.40','русский', '28369435526', '543210987654321'),
        (22, 'Шукшин',	'Георгий',	'Ильич', 'Мужской', '1983-06-20', 'г. Армавир', 4, 3, '3', '{"mobile": "+79691164323"}', 'shchukhin@company.com', 'Россия, г. Новокузнецк, 3 Марта ул., д. 25 кв.1', 'Россия, г. Новошахтинск, Молодежная ул., д. 5 кв.131', 'русский', '71546772611', '1480495294212'),
        (23, 'Менщико', 'Герман', 'Игнатьевич', 'Мужской', '1983-06-17', 'г.Саранск', 4, 4, '3', '{"mobile": "+79962889768"}', 'meshchinko@company.com', 'Россия, г. Владивосток, Школьная ул., д. 1 кв.168', 'Россия, г. Димитровград, Садовый пер., д. 17 кв.165', 'русский', '34579007891', '7871752964758'),
        (24, 'Мухин', 'Тимофей', 'Панкратович', 'Мужской', '1983-05-07', 'г. Тюмень', 4, 2,'3', '{"mobile": "+79108704379"}', 'muchin@company.com', 'Россия, г. Ногинск, Дружбы ул., д. 14 кв.216', 'Россия, г. Томск, Октябрьский пер., д. 19 кв.210', 'русский', '36023379858', '5170397536306'),
        (25, 'Щеголева', 'Валерия', 'Павловна', 'Женский', '1984-06-20', 'г. Новосибирск', 4, 4, '3', '{"mobile": "+79614205510"}', 'shegoleva@company.com', 'Россия, г. Кемерово, Озерная ул., д. 12 кв.214', 'Россия, г. Новомосковск, Светлая ул., д. 12 кв.140', 'русский','84810380798', '9433854869035'),
        (26, 'Кучерова', 'Дарья', 'Валентиновна','Женский','1973-01-05', 'г. Екатеринбург', 4, 3,'3', '{"mobile": "+79184159769"}', 'kucherova@company.com', 'Россия, г. Улан-Удэ, Трудовая ул., д. 12 кв.216', 'Россия, г. Ярославль, Дорожная ул., д. 7 кв.22', 'русский','62214262842', '8378404073107'),
        (27, 'Судленков', 'Афанасий', 'Даниилович', 'Мужской', '1983-05-08', 'г. Нижний Новгород', 4, 4, '3', '{"mobile": "+79063102049"}', 'sudlenkov@company.com', 'Россия, г. Находка, Тихая ул., д. 6 кв.85', 'Россия, г. Сергиев Посад, Речная ул., д. 4 кв.38', 'русский', '21629807121', '5221364142313'),
        (28, 'Кратенко', 'Ася',	'Михаиловна', 'Женский', '1975-10-21', 'г. Казань', 4, 2, '3', '{"mobile": " +79722083038"}' ,'kratenko@company.com', 'Россия, г. Мытищи, Гагарина ул., д. 12 кв.174', 'Россия, г. Красногорск, Юбилейная ул., д. 22 кв.75', 'русский', '03623519871', '9737629623931'),
        (29, 'Церетели', 'Тимофей',	'Александрович', 'Мужской', '1986-08-24', 'г. Самара', 4, 3, '3','{"mobile": "+79181232092"}', 'tsereteli@company.com', 'Россия, г. Дзержинск, Спортивная ул., д. 2 кв.63', 'Россия, г. Таганрог, Западная ул., д. 3 кв.108', 'русский', '38776852740', '5347369877528'),
        (30, 'Ерофеев',	'Адам',	'Константинович', 'Мужской', '1985-09-09', 'г. Омск', 4, 2, '3', '{"mobile": "+79108704379"}', 'erofeev@company.com', 'Россия, г. Ижевск, Заводская ул., д. 16 кв.99', 'Россия, г. Раменское, Школьный пер., д. 16 кв.189', 'русский', '41836931546', '5526895429122'),
        (31, 'Шипулин',	'Афанасий',	'Макарович', 'Мужской', '1995-04-07', 'г. Ростов-на-Дону', 4, 4, '3', '{"mobile": "+79119999599"}', 'shipulin@company.com', 'Россия, г. Кызыл, Пионерская ул., д. 9 кв.14', 'Россия, г. Одинцово, Сосновая ул., д. 25 кв.128', 'русский', '36483678276', '6574271573697'),
        (32, 'Чукчов', 'Тарас', 'Антонович', 'Мужской',  '1970-12-18', 'г. Уфа', 4, 4, '3', '{"mobile": "+79838094276"}', 'chukchov@company.com', 'Россия, г. Хабаровск, Новоселов ул., д. 14 кв.179', 'Россия, г. Дербент, Березовая ул., д. 11 кв.18', 'русский', '67781725748', '2331609835263'),
        (33, 'Доронин',	'Вениамин', 'Ильич', 'Мужской', '1985-09-10', 'г. Пермь', 4, 3, '3', '{"mobile": "+79734057572"}','doronin@company.com', 'Россия, г. Ростов-на-Дону, Солнечная ул., д. 9 кв.140', 'Россия, г. Иркутск, Березовая ул., д. 15 кв.146', 'русский', '72732841066', '8056901318928'),
        (34, 'Мальцев', 'Леонтий', 'Иванович', 'Мужской', '1988-03-24', 'г. Воронеж', 4, 3, '3', '{"mobile": "+79498495019"}', 'maltsev@company.com', 'Россия, г. Сергиев Посад, Октябрьская ул., д. 25 кв.131', 'Россия, г. Новокузнецк, Садовый пер., д. 19 кв.16', 'русский', '22531683042', '3411664941598'),
        (35, 'Канкия', 'Настасья', 'Емельяновна', 'Женский', '1986-02-06', 'г. Краснодар', 4, 2, '3', '{"mobile": "+79203235793"}', 'kankiya@company.com', 'Россия, г. Березники, Майская ул., д. 9 кв.6', 'Россия, г. Иваново, Заречная ул., д. 17 кв.6', 'русский', '96439603291', '3986750350379'),
        (36, 'Мусин', 'Георгий', 'Никанорович', 'Мужской', '1987-09-24', 'г. Саратов', 4, 3, '3', '{"mobile": "+79313982935"}', 'musin@company.com', 'Россия, г. Пермь, Песчаная ул., д. 10 кв.141', 'Россия, г. Сызрань, Светлая ул., д. 3 кв.110', 'русский', '78020750868', '4107579111453'),
        (37, 'Халски', 'Севастьян', 'Арсеньевич', 'Мужской', '1989-08-20', 'г. Тюмень', 4, 3, '3', '{"mobile": "+79091157195"}', 'halski@company.com', 'Россия, г. Иваново, Дзержинского ул., д. 25 кв.184', 'Россия, г. Курган, Полевая ул., д. 5 кв.146', 'русский', '03199069569', '9888488425679'),
        (38, 'Гершельмана',	'Зоя', 'Семеновна', 'Женский', '1980-06-27', 'г. Тольятти', 4, 2, '3', '{"mobile": "+79201611579"}','gershelman@company.com', 'Россия, г. Шахты, Совхозная ул., д. 7 кв.88', 'Россия, г. Саранск, Лесной пер., д. 20 кв.60', 'русский', '87054957934', '3314247309585'),
        (39, 'Уицкая', 'Лариса', 'Нифонтовна', 'Женский', '1988-04-04', 'г. Ижевск', 4, 4, '3', '{"mobile": "+79779914854"}', 'uitskaya@company.com', 'Россия, г. Мурманск, Заречная ул., д. 23 кв.37', 'Россия, г. Октябрьский, Интернациональная ул., д. 24 кв.15', 'русский', '33177106120', '0164525574120'),
        (40, 'Осминин',	'Давид', 'Макарович', 'Мужской', '1986-01-12', 'г. Барнаул', 4, 3, '3', '{"mobile": "+79135503371"}', 'osminin@company.com', 'Россия, г. Южно-Сахалинск, 17 Сентября ул., д. 2 кв.152', 'Россия, г. Салават, Ленинская ул., д. 7 кв.130', 'русский', '20952813008', '0976966956815'),
        (41, 'Мурогов',	'Никита', 'Леонтьевич', 'Мужской', '1983-06-10', 'г. Ульяновск', 4, 2, '3', '{"mobile": "+79437377216"}', 'murogov@company.com', 'Россия, г. Волгодонск, Октябрьская ул., д. 16 кв.43', 'Россия, г. Краснодар, Озерная ул., д. 14 кв.151', 'русский', '51300921828', '3372247699424'),
        (42, 'Куимова',	'Сюзанна', 'Макаровна', 'Женский', '1986-05-28', 'г. Киров', 4, 4, '3', '{"mobile": "+79801933746"}', 'kuimova@company.com', 'Россия, г. Благовещенск, Полевая ул., д. 6 кв.197', 'Россия, г. Нижневартовск, Речная ул., д. 7 кв.56', 'русский', '44309505398', '8053998095525'),
        (43, 'Кривчиков', 'Павел', 'Константинович', 'Мужской', '1983-01-04', 'г. Нефтеюганск', 4, 3, '3', '{"mobile": "+79096856887"}', 'krivchikov@company.com', 'Россия, г. Брянск, Новый пер., д. 10 кв.187', 'Россия, г. Петропавловск-Камчатский, Дорожная ул., д. 11 кв.204', 'русский', '61635024193', '7196674884026'),
        (44, 'Медникова', 'Ольга', 'Лукьяновна', 'Женский', '1992-07-14', 'г. Майкоп', 4, 2, '3', '{"mobile": "+79276997364"}', 'mednikova@company.com', 'Россия, г. Рыбинск, Речной пер., д. 4 кв.102', 'Россия, г. Хабаровск, Солнечная ул., д. 22 кв.94', 'русский', '65530515369', '3576410983234'),
        (45, 'Приходько', 'Лидия', 'Афанасьевна', 'Женский', '1986-02-01', 'г. Новый Уренгой', 4, 3, '3', '{"mobile": "+79257346427"}', 'prikhodko@company.com', 'Россия, г. Саранск, Лесной пер., д. 21 кв.33', 'Россия, г. Омск, Новоселов ул., д. 18 кв.157', 'русский', '68826361170', '7583783232648'),
        (46, 'Киселев', 'Степан', 'Михаилович', 'Мужской', '1989-09-18', 'г. Батайск', 4, 4, '3', '{"mobile": "+79248207576"}', 'kiselev@company.com', 'Россия, г. Ульяновск, Космонавтов ул., д. 24 кв.218', 'Россия, г. Волжский, Озерная ул., д. 8 кв.81', 'русский', '06074932773', '2070390458745'),
        (47, 'Старков', 'Афанасий', 'Кириллович', 'Мужской', '1981-07-22', 'г. Салават', 4, 2,'3', '{"mobile": "+79099494526"}', 'starkov@company.com', 'Россия, г. Санкт-Петербург, Ленина В.И.ул., д. 13 кв.113', 'Россия, г. Тольятти, Октябрьская ул., д. 4 кв.205', 'русский', '71988362091', '3803473783912'),
        (48, 'Попырин', 'Роман', 'Никитович', 'Мужской', '1988-02-24', 'г. Иркутск', 4, 3, '3', '{"mobile": "+79993905153"}', 'popyrin@company.com', 'Россия, г. Раменское, Майская ул., д. 2 кв.65', 'Россия, г. Старый Оскол, Комсомольская ул., д. 10 кв.103', 'русский', '82792460780', '9248200895907'),
        (49, 'Бабченко', 'Георгий',	'Денисович', 'Мужской', '1980-03-24', 'г. Хабаровск', 4, 2, '3', '{"mobile": "+79841561595"}', 'babchenko@company.com', 'Россия, г. Красногорск, Якуба Коласа ул., д. 13 кв.87', 'Россия, г. Миасс, Социалистическая ул., д. 1 кв.136', 'русский', '15514769848', '4435193060485'),
        (50, 'Бруевич',	'Леонтий', 'Леонидович', 'Мужской', '1984-03-28', 'г. Ярославль', 4, 3, '3', '{"mobile": "+79672162945"}', 'bruevich@company.com', 'Россия, г. Тольятти, Железнодорожная ул., д. 11 кв.25', 'Россия, г. Смоленск, Почтовая ул., д. 4 кв.183', 'русский', '84865996801', '7111740143620'),
        (51, 'Оскорбина', 'Лидия', 'Семеновна', 'Женский', '1979-01-03', 'г. Владивосток', 4, 4, '3', '{"mobile": "+79703787295"}', 'oskorbin@company.com', 'Россия, г. Орск, Дружная ул., д. 7 кв.170', 'Россия, г. Керчь, Мирная ул., д. 5 кв.81', 'русский', '66730372919', '2452828330119'),
        (52, 'Проничев', 'Георгий', 'Степанович', 'Мужской', '1995-10-20', 'г. Махачкала', 4, 2, '3', '{"mobile": "+79684436999"}', 'pronichev@company.com', 'Россия, г. Домодедово, Зеленый пер., д. 5 кв.99', 'Россия, г. Нефтекамск, Речной пер., д. 16 кв.58', 'русский', '79310399526', '8314880212419'),
        (53, 'Былинкин', 'Максим', 'Наумович', 'Мужской', '1988-09-01', 'г. Оренбург', 4, 3, '3', '{"mobile": "+79579591744"}', 'bylinkin@company.com', 'Россия, г. Тюмень, Ленина В.И.ул., д. 19 кв.67', 'Россия, г. Таганрог, Полевая ул., д. 17 кв.194', 'русский', '95999412492', '5806641668080'),
        (54, 'Рыкова', 'Милана', 'Филипповна', 'Женский', '1981-09-12', 'г. Кемерово', 4, 2, '3', '{"mobile": "+79863573759"}', 'rykova@company.com', 'Россия, г. Армавир, Трудовая ул., д. 25 кв.157', 'Россия, г. Благовещенск, Школьная ул., д. 3 кв.211', 'русский', '53382951534', '4904285930734'),
        (55, 'Филипова', 'Алина', 'Захаровна','Женский', '1986-07-12', 'г. Новокузнецк', 4, 3, '3', '{"mobile": "+79208394674"}', 'filipova@company.com', 'Россия, г. Невинномысск, Калинина ул., д. 16 кв.83', 'Россия, г. Одинцово, Садовая ул., д. 16 кв.199', 'русский', '23793883440', '3049437566022'),
        (56, 'Голубев', 'Серафим', 'Аркадинович', 'Мужской', '1985-07-06', 'г. Набережные Челны', 4, 2, '3', '{"mobile": "+79132868783"}', 'golubev@company.com', 'Россия, г. Ижевск, Дружбы ул., д. 14 кв.77', 'Россия, г. Тверь, Восточная ул., д. 6 кв.119', 'русский', '97122043571', '7968655328738'),
        (57, 'Бабкина', 'Римма', 'Захаровна','Женский', '1989-10-12', 'г. Чебоксары', 4, 4, '3', '{"mobile": "+79703303338"}', 'babkina@company.com', 'Россия, г. Салават, Кирова ул., д. 1 кв.140', 'Россия, г. Санкт-Петербург, Ленина В.И.ул., д. 25 кв.157', 'русский', '89794973665', '8720213388760'),
        (58, 'Труш', 'Ксения', 'Афанасьевна','Женский', '1974-02-10', 'г. Калининград', 4, 3, '3', '{"mobile": "+79796773040"}', 'trush@company.com', 'Россия, г. Батайск, Колхозная ул., д. 17 кв.85', 'Россия, г. Каменск - Уральский, Ленина ул., д. 25 кв.5', 'русский', '86019834881', '0311109975018'),
        (59, 'Казакевич', 'Федор', 'Яковлевич', 'Мужской', '1982-01-14', 'г. Брянск', 4, 4, '3', '{"mobile": "+79367992981"}', 'kazakevich@company.com', 'Россия, г. Новый Уренгой, Солнечная ул., д. 11 кв.67', 'Россия, г. Невинномысск, Луговой пер., д. 8 кв.123', 'русский', '44896722178', '9068643204708'),
        (60, 'Ядыкин', 'Семен', 'Михаилович', 'Мужской', '1977-01-08', 'г. Курск', 4, 2, '3', '{"mobile": "+79175034535"}', 'yadykin@company.com', 'Россия, г. Керчь, Приозерная ул., д. 13 кв.180', 'Россия, г. Камышин, Центральная ул., д. 11 кв.215', 'русский', '35845404620', '7637811608355'),
        (61, 'Ядренкин', 'Прохор', 'Валентинович', 'Мужской', '1985-02-06', 'г. Иваново', 4, 3,'3', '{"mobile": "+79628462275"}', 'yadrenkin@company.com', 'Россия, г. Череповец, Комсомольская ул., д. 24 кв.196', 'Россия, г. Астрахань, Трудовая ул., д. 21 кв.165', 'русский', '22107045052', '8139522191377'),
        (62, 'Шишлова', 'Алина', 'Ефимовна','Женский', '1981-09-15', 'г. Муром', 4, 2, '3', '{"mobile": "+79802013990"}', 'shishlova@company.com', 'Россия, г. Мурманск, Приозерная ул., д. 11 кв.180', 'Россия, г. Невинномысск, Советская ул., д. 25 кв.61', 'русский', '16832951050', '1707961632820'),
        (63, 'Семенов', 'Семен', 'Валерьевич', 'Мужской', '1982-10-13', 'г. Магнитогорск', 4, 4, '3', '{"mobile": "+79179293188"}', 'semenov@company.com', 'Россия, г. Майкоп, Рабочая ул., д. 2 кв.201', 'Россия, г. Екатеринбург, Сосновая ул., д. 21 кв.203', 'русский', '30781982018', '5951377369073'),
        (64, 'Рудавин', 'Виктор', 'Феликсович', 'Мужской', '1982-02-16','г. Ковров', 4, 2, '3', '{"mobile": "+79695048457"}', 'rudavin@company.com', 'Россия, г. Норильск, Лесная ул., д. 25 кв.164', 'Россия, г. Электросталь, Парковая ул., д. 10 кв.152', 'русский', '98060107578', '3754323622036'),
        (65, 'Каткова', 'Надежда', 'Ефимовна','Женский', '1979-08-06', 'г. Выкса', 4, 3, '3', '{"mobile": "+79906247558"}', 'katkova@company.com', 'Россия, г. Химки, Первомайская ул., д. 12 кв.6', 'Россия, г. Сызрань, Шоссейная ул., д. 16 кв.132', 'русский', '53502999802', '8385119026114'),
        (66, 'Катькин', 'Афанасий', 'Иванович', 'Женский', '1980-04-17', 'г. Армавир', 4, 3, '3', '{"mobile": "+79363351874"}', 'katkin@company.com', 'Россия, г. Нефтеюганск, Победы ул., д. 20 кв.139', 'Россия, г. Южно-Сахалинск, Минская ул., д. 15 кв.142', 'русский', '15981774341', '0595406763826'),
        (67, 'Патрушев', 'Иван', 'Аркадинович', 'Мужской', '1984-12-01', 'г. Южно-Сахалинск', 4, 2, '3', '{"mobile": "+79356079725"}', 'patrushev@company.com', 'Россия, г. Рыбинск, Лесной пер., д. 6 кв.156', 'Россия, г. Пушкино, Молодежный пер., д. 23 кв.90', 'русский', '75907609408', '9432375976810'),
        (68, 'Яцунова', 'Пелагея', 'Георгьевна','Женский', '1989-03-27', 'г. Шахты', 4, 4, '3', '{"mobile": "+79409863489"}', 'yatsunova@company.com', 'Россия, г. Владивосток, Колхозный пер., д. 25 кв.152', 'Россия, г. Черкесск, Солнечная ул., д. 5 кв.185', 'русский', '19362311071', '9779328543647'),
        (69, 'Щуров', 'Филипп', 'Федорович', 'Мужской', '1992-05-02', 'г. Березники', 4, 2, '3', '{"mobile": "+79191102860"}', 'shchurov@company.com', 'Россия, г. Ставрополь, Солнечная ул., д. 11 кв.93', 'Россия, г. Якутск, Заводская ул., д. 12 кв.76', 'русский','31265094203', '0417420441423'),
        (70, 'Бабанин', 'Артем', 'Филиппович', 'Мужской', '1995-10-05', 'г. Сергиев Посад', 4, 3, '3', '{"mobile": "+79579592711"}', 'babanin@company.com', 'Россия, г. Архангельск, Юбилейная ул., д. 23 кв.56', 'Россия, г. Севастополь, Садовая ул., д. 15 кв.143', 'русский', '48045248936', '0199854388986');

INSERT INTO public.educations (id, user_id, title_of_institution, title_of_program, document_number, year_of_begin, year_of_end)
VALUES  (1, 1, 'Казанский (Приволжский) федеральный университет', 'Математика', '9129755011871', '1995-01-01', '2000-01-01'),
        (2, 2, 'ФГБОУ ВО «Астраханский государственный университет им. В. Н. Татищева»', 'Связи с общественностью', '1030180354933', '2011-01-01', '2015-01-01'),
        (3, 3, 'Санкт-Петербургский государственный университет', 'Искусства и гуманитарные науки', '1636448185531', '1998-01-01', '2002-01-01'),
        (4, 4, 'Южный федеральный университет', 'Экономика', '5508905899051', '2003-01-01', '2008-01-01'),
        (5, 5, 'Национальный исследовательский Томский политехнический университет', 'Правовое обеспечение национальной безопасности', '6145525204054', '2008-01-01', '2014-01-01'),
        (6, 6, 'Юго-Западный государственный университет', 'Строительство, эксплуатация, восстановление и техническое прикрытие автомобильных дорог, мостов и тоннелей', '6539348841482', '2008-01-01', '2003-01-01'),
        (7, 7, 'Уральский федеральный университет имени Б.Н. Ельцина', 'Археология', '1681073163725', '2014-01-01', '2018-01-01'),
        (8, 8, 'Оренбургский государственный университет', 'Строительство уникальных зданий и сооружений', '2593916202908', '2016-01-01', '2022-01-01'),
        (9, 9, 'Санкт-Петербургский государственный университет промышленных технологий и дизайна', 'Информационно-аналитические системы безопасности', '4247583769505', '2001-01-01', '2007-01-01'),
        (10, 10, 'Сибирский федеральный университет', 'Педагогическое образование', '9635972122649', '2017-01-01', '2023-01-01'),
        (11, 11, 'Московский государственный институт международных отношений', 'Психология служебной деятельности', '6567412690243', '1995-01-01', '1999-01-01'),
        (12, 12, 'Национальный исследовательский университет ''МИЭТ''', 'Безопасность информационных систем', '4958951230052', '2006-01-01', '2010-01-01'),
        (13, 13, 'Тульский государственный университет', 'Управление персоналом»', '0146556785554', '2014-01-01', '2018-01-01'),
        (14, 14, 'Новосибирский национальный исследовательский государственный университет','Ракетные комплексы и космонавтика', '9469372867194', '2016-01-01', '2020-01-01'),
        (15, 15, 'Иркутский национальный исследовательский технический университет', 'Математика и компьютерные науки', '8174670998606', '2005-01-01', '2009-01-01'),
        (16, 16, 'Пензенский государственный университет', 'Психолого-педагогическое образование', '3802979883823', '2013-01-01', '2017-01-01'),
        (17, 17, 'Новосибирский государственный технический университет', 'Правоохранительная деятельность', '2962000636738', '2008-01-01', '2012-01-01'),
        (18, 18, 'Санкт-Петербургский политехнический университет Петра Великого', 'Прикладная информатика', '9612019113494', '1991-01-01', '1995-01-01'),
        (19, 19, 'Казанский национальный исследовательский технологический университет', 'Профессиональное обучение','6682630017883', '1999-01-01', '2003--01-01'),
        (20, 20, 'Дальневосточный федеральный университет', 'Юриспруденция', '1078940826644', '2018-01-01', '2022-01-01'),
        (21, 21, 'Белгородский государственный технологический университет имени В.Г. Шухова', 'Информационные системы и технологии', '2319785948971', '2003-01-01', '2007-01-01'),
        (22, 22, 'Омский государственный технический университет', 'Баллистика и гидроаэродинамика', '4983223104662', '2015-01-01', '2019-01-01'),
        (23, 23, 'Уральский федеральный университет имени Б.Н. Ельцина', 'Экономическая безопасность', '8298594045422', '2010-01-01', '2014-01-01'),
        (24, 24, 'Иркутский национальный исследовательский технический университет', 'Правовое обеспечение национальной безопасности', '2192881281855', '2007-01-01', '2011-01-01'),
        (25, 25, 'Московский государственный университет имени М.В. Ломоносова', 'Экономика', '3862790643348', '1990-01-01', '1994-01-01'),
        (26, 26, 'Юго-Западный государственный университет', 'Строительство, эксплуатация, восстановление и техническое прикрытие автомобильных дорог, мостов и тоннелей', '6539348841482', '2008-01-01', '2003-01-01'),
        (27, 27, 'Уральский федеральный университет имени Б.Н. Ельцина', 'Археология', '1681073163725', '2014-01-01', '2018-01-01'),
        (28, 28, 'Оренбургский государственный университет', 'Строительство уникальных зданий и сооружений', '2593916202908', '2016-01-01', '2022-01-01'),
        (29, 29, 'Санкт-Петербургский государственный университет промышленных технологий и дизайна', 'Информационно-аналитические системы безопасности', '4247583769505', '2001-01-01', '2007-01-01'),
        (31, 31, 'Казанский (Приволжский) федеральный университет', 'Математика', '9129755011871', '1995-01-01', '2000-01-01'),
        (32, 32, 'ФГБОУ ВО «Астраханский государственный университет им. В. Н. Татищева»', 'Связи с общественностью', '1030180354933', '2011-01-01', '2015-01-01'),
        (33, 33, 'Санкт-Петербургский государственный университет', 'Искусства и гуманитарные науки', '1636448185531', '1998-01-01', '2002-01-01'),
        (34, 34, 'Южный федеральный университет', 'Экономика', '5508905899051', '2003-01-01', '2008-01-01'),
        (35, 35, 'Национальный исследовательский Томский политехнический университет', 'Правовое обеспечение национальной безопасности', '6145525204054', '2008-01-01', '2014-01-01'),
        (36, 36, 'Юго-Западный государственный университет', 'Строительство, эксплуатация, восстановление и техническое прикрытие автомобильных дорог, мостов и тоннелей', '6539348841482', '2008-01-01', '2003-01-01'),
        (37, 37, 'Уральский федеральный университет имени Б.Н. Ельцина', 'Археология', '1681073163725', '2014-01-01', '2018-01-01'),
        (38, 38, 'Оренбургский государственный университет', 'Строительство уникальных зданий и сооружений', '2593916202908', '2016-01-01', '2022-01-01'),
        (39, 39, 'Санкт-Петербургский государственный университет промышленных технологий и дизайна', 'Информационно-аналитические системы безопасности', '4247583769505', '2001-01-01', '2007-01-01'),
        (40, 40, 'Сибирский федеральный университет', 'Педагогическое образование', '9635972122649', '2017-01-01', '2023-01-01'),
        (41, 41, 'Московский государственный институт международных отношений', 'Психология служебной деятельности', '6567412690243', '1995-01-01', '1999-01-01'),
        (42, 42, 'Национальный исследовательский университет ''МИЭТ''', 'Безопасность информационных систем', '4958951230052', '2006-01-01', '2010-01-01'),
        (43, 43, 'Тульский государственный университет', 'Управление персоналом»', '0146556785554', '2014-01-01', '2018-01-01'),
        (44, 44, 'Новосибирский национальный исследовательский государственный университет','Ракетные комплексы и космонавтика', '9469372867194', '2016-01-01', '2020-01-01'),
        (45, 45, 'Иркутский национальный исследовательский технический университет', 'Математика и компьютерные науки', '8174670998606', '2005-01-01', '2009-01-01'),
        (46, 46, 'Юго-Западный государственный университет', 'Строительство, эксплуатация, восстановление и техническое прикрытие автомобильных дорог, мостов и тоннелей', '6539348841482', '2008-01-01', '2003-01-01'),
        (47, 47, 'Уральский федеральный университет имени Б.Н. Ельцина', 'Археология', '1681073163725', '2014-01-01', '2018-01-01'),
        (48, 48, 'Оренбургский государственный университет', 'Строительство уникальных зданий и сооружений', '2593916202908', '2016-01-01', '2022-01-01'),
        (49, 49, 'Санкт-Петербургский государственный университет промышленных технологий и дизайна', 'Информационно-аналитические системы безопасности', '4247583769505', '2001-01-01', '2007-01-01'),
        (50, 50, 'Дальневосточный федеральный университет', 'Юриспруденция', '1078940826644', '2018-01-01', '2022-01-01'),
        (51, 51, 'Казанский (Приволжский) федеральный университет', 'Математика', '9129755011871', '1995-01-01', '2000-01-01'),
        (52, 5, 'ФГБОУ ВО «Астраханский государственный университет им. В. Н. Татищева»', 'Связи с общественностью', '1030180354933', '2011-01-01', '2015-01-01'),
        (53, 53, 'Санкт-Петербургский государственный университет', 'Искусства и гуманитарные науки', '1636448185531', '1998-01-01', '2002-01-01'),
        (54, 54, 'Южный федеральный университет', 'Экономика', '5508905899051', '2003-01-01', '2008-01-01'),
        (55, 55, 'Национальный исследовательский Томский политехнический университет', 'Правовое обеспечение национальной безопасности', '6145525204054', '2008-01-01', '2014-01-01'),
        (56, 56, 'Юго-Западный государственный университет', 'Строительство, эксплуатация, восстановление и техническое прикрытие автомобильных дорог, мостов и тоннелей', '6539348841482', '2008-01-01', '2003-01-01'),
        (57, 57, 'Уральский федеральный университет имени Б.Н. Ельцина', 'Археология', '1681073163725', '2014-01-01', '2018-01-01'),
        (58, 58, 'Оренбургский государственный университет', 'Строительство уникальных зданий и сооружений', '2593916202908', '2016-01-01', '2022-01-01'),
        (59, 59, 'Санкт-Петербургский государственный университет промышленных технологий и дизайна', 'Информационно-аналитические системы безопасности', '4247583769505', '2001-01-01', '2007-01-01'),
        (60, 60, 'Сибирский федеральный университет', 'Педагогическое образование', '9635972122649', '2017-01-01', '2023-01-01'),
        (61, 61, 'Московский государственный институт международных отношений', 'Психология служебной деятельности', '6567412690243', '1995-01-01', '1999-01-01'),
        (62, 62, 'Национальный исследовательский университет ''МИЭТ''', 'Безопасность информационных систем', '4958951230052', '2006-01-01', '2010-01-01'),
        (63, 63, 'Тульский государственный университет', 'Управление персоналом»', '0146556785554', '2014-01-01', '2018-01-01'),
        (64, 64, 'Новосибирский национальный исследовательский государственный университет','Ракетные комплексы и космонавтика', '9469372867194', '2016-01-01', '2020-01-01'),
        (65, 65, 'Иркутский национальный исследовательский технический университет', 'Математика и компьютерные науки', '8174670998606', '2005-01-01', '2009-01-01'),
        (66, 66, 'Пензенский государственный университет', 'Психолого-педагогическое образование', '3802979883823', '2013-01-01', '2017-01-01'),
        (67, 67, 'Новосибирский государственный технический университет', 'Правоохранительная деятельность', '2962000636738', '2008-01-01', '2012-01-01'),
        (68, 68, 'Санкт-Петербургский политехнический университет Петра Великого', 'Прикладная информатика', '9612019113494', '1991-01-01', '1995-01-01'),
        (69, 69, 'Казанский национальный исследовательский технологический университет', 'Профессиональное обучение','6682630017883', '1999-01-01', '2003--01-01'),
        (70, 70, 'Дальневосточный федеральный университет', 'Юриспруденция', '1078940826644', '2018-01-01', '2022-01-01');

-- hash for password (pa$$word_) are equal for everyone
INSERT INTO public.authorizations (id, user_id, password_hash, role_id)
VALUES  (1, 1, '$2a$12$rrNnco5DWbaFxKMq457MouwkzL/R2XFoe1MrpoX9bN0ms09Zgk6ee', 1),
        (2, 2, '$2a$12$rrNnco5DWbaFxKMq457MouwkzL/R2XFoe1MrpoX9bN0ms09Zgk6ee', 2),
        (3, 3, '$2a$12$rrNnco5DWbaFxKMq457MouwkzL/R2XFoe1MrpoX9bN0ms09Zgk6ee', 3),
        (4, 4, '$2a$12$rrNnco5DWbaFxKMq457MouwkzL/R2XFoe1MrpoX9bN0ms09Zgk6ee', 4),
        (5, 5, '$2a$12$rrNnco5DWbaFxKMq457MouwkzL/R2XFoe1MrpoX9bN0ms09Zgk6ee', 4),
        (6, 6, '$2a$12$rrNnco5DWbaFxKMq457MouwkzL/R2XFoe1MrpoX9bN0ms09Zgk6ee', 4),
        (7, 7, '$2a$12$rrNnco5DWbaFxKMq457MouwkzL/R2XFoe1MrpoX9bN0ms09Zgk6ee', 2),
        (8, 8, '$2a$12$rrNnco5DWbaFxKMq457MouwkzL/R2XFoe1MrpoX9bN0ms09Zgk6ee', 2),
        (9, 9, '$2a$12$rrNnco5DWbaFxKMq457MouwkzL/R2XFoe1MrpoX9bN0ms09Zgk6ee', 3),
        (10, 10, '$2a$12$rrNnco5DWbaFxKMq457MouwkzL/R2XFoe1MrpoX9bN0ms09Zgk6ee', 3),
        (21, 21, '$2a$12$rrNnco5DWbaFxKMq457MouwkzL/R2XFoe1MrpoX9bN0ms09Zgk6ee', 3),
        (22, 22, '$2a$12$rrNnco5DWbaFxKMq457MouwkzL/R2XFoe1MrpoX9bN0ms09Zgk6ee', 2),
        (23, 23, '$2a$12$rrNnco5DWbaFxKMq457MouwkzL/R2XFoe1MrpoX9bN0ms09Zgk6ee', 3),
        (24, 24, '$2a$12$rrNnco5DWbaFxKMq457MouwkzL/R2XFoe1MrpoX9bN0ms09Zgk6ee', 4),
        (25, 25, '$2a$12$rrNnco5DWbaFxKMq457MouwkzL/R2XFoe1MrpoX9bN0ms09Zgk6ee', 4),
        (26, 26, '$2a$12$rrNnco5DWbaFxKMq457MouwkzL/R2XFoe1MrpoX9bN0ms09Zgk6ee', 4),
        (27, 27, '$2a$12$rrNnco5DWbaFxKMq457MouwkzL/R2XFoe1MrpoX9bN0ms09Zgk6ee', 2),
        (28, 28, '$2a$12$rrNnco5DWbaFxKMq457MouwkzL/R2XFoe1MrpoX9bN0ms09Zgk6ee', 2),
        (29, 29, '$2a$12$rrNnco5DWbaFxKMq457MouwkzL/R2XFoe1MrpoX9bN0ms09Zgk6ee', 3),
        (30, 30, '$2a$12$rrNnco5DWbaFxKMq457MouwkzL/R2XFoe1MrpoX9bN0ms09Zgk6ee', 3),
        (31, 31, '$2a$12$rrNnco5DWbaFxKMq457MouwkzL/R2XFoe1MrpoX9bN0ms09Zgk6ee', 1),
        (32, 32, '$2a$12$rrNnco5DWbaFxKMq457MouwkzL/R2XFoe1MrpoX9bN0ms09Zgk6ee', 2),
        (33, 33, '$2a$12$rrNnco5DWbaFxKMq457MouwkzL/R2XFoe1MrpoX9bN0ms09Zgk6ee', 3),
        (34, 34, '$2a$12$rrNnco5DWbaFxKMq457MouwkzL/R2XFoe1MrpoX9bN0ms09Zgk6ee', 4),
        (35, 35, '$2a$12$rrNnco5DWbaFxKMq457MouwkzL/R2XFoe1MrpoX9bN0ms09Zgk6ee', 4),
        (36, 36, '$2a$12$rrNnco5DWbaFxKMq457MouwkzL/R2XFoe1MrpoX9bN0ms09Zgk6ee', 4),
        (37, 37, '$2a$12$rrNnco5DWbaFxKMq457MouwkzL/R2XFoe1MrpoX9bN0ms09Zgk6ee', 2),
        (38, 38, '$2a$12$rrNnco5DWbaFxKMq457MouwkzL/R2XFoe1MrpoX9bN0ms09Zgk6ee', 2),
        (39, 39, '$2a$12$rrNnco5DWbaFxKMq457MouwkzL/R2XFoe1MrpoX9bN0ms09Zgk6ee', 3),
        (40, 40, '$2a$12$rrNnco5DWbaFxKMq457MouwkzL/R2XFoe1MrpoX9bN0ms09Zgk6ee', 3),
        (41, 41, '$2a$12$rrNnco5DWbaFxKMq457MouwkzL/R2XFoe1MrpoX9bN0ms09Zgk6ee', 1),
        (42, 42, '$2a$12$rrNnco5DWbaFxKMq457MouwkzL/R2XFoe1MrpoX9bN0ms09Zgk6ee', 2),
        (43, 43, '$2a$12$rrNnco5DWbaFxKMq457MouwkzL/R2XFoe1MrpoX9bN0ms09Zgk6ee', 3),
        (44, 44, '$2a$12$rrNnco5DWbaFxKMq457MouwkzL/R2XFoe1MrpoX9bN0ms09Zgk6ee', 4),
        (45, 45, '$2a$12$rrNnco5DWbaFxKMq457MouwkzL/R2XFoe1MrpoX9bN0ms09Zgk6ee', 4),
        (46, 46, '$2a$12$rrNnco5DWbaFxKMq457MouwkzL/R2XFoe1MrpoX9bN0ms09Zgk6ee', 4),
        (47, 47, '$2a$12$rrNnco5DWbaFxKMq457MouwkzL/R2XFoe1MrpoX9bN0ms09Zgk6ee', 2),
        (48, 48, '$2a$12$rrNnco5DWbaFxKMq457MouwkzL/R2XFoe1MrpoX9bN0ms09Zgk6ee', 2),
        (49, 49, '$2a$12$rrNnco5DWbaFxKMq457MouwkzL/R2XFoe1MrpoX9bN0ms09Zgk6ee', 3),
        (50, 50, '$2a$12$rrNnco5DWbaFxKMq457MouwkzL/R2XFoe1MrpoX9bN0ms09Zgk6ee', 3),
        (51, 51, '$2a$12$rrNnco5DWbaFxKMq457MouwkzL/R2XFoe1MrpoX9bN0ms09Zgk6ee', 1),
        (52, 52, '$2a$12$rrNnco5DWbaFxKMq457MouwkzL/R2XFoe1MrpoX9bN0ms09Zgk6ee', 2),
        (53, 53, '$2a$12$rrNnco5DWbaFxKMq457MouwkzL/R2XFoe1MrpoX9bN0ms09Zgk6ee', 3),
        (54, 54, '$2a$12$rrNnco5DWbaFxKMq457MouwkzL/R2XFoe1MrpoX9bN0ms09Zgk6ee', 4),
        (55, 55, '$2a$12$rrNnco5DWbaFxKMq457MouwkzL/R2XFoe1MrpoX9bN0ms09Zgk6ee', 4),
        (56, 56, '$2a$12$rrNnco5DWbaFxKMq457MouwkzL/R2XFoe1MrpoX9bN0ms09Zgk6ee', 4),
        (57, 57, '$2a$12$rrNnco5DWbaFxKMq457MouwkzL/R2XFoe1MrpoX9bN0ms09Zgk6ee', 2),
        (58, 58, '$2a$12$rrNnco5DWbaFxKMq457MouwkzL/R2XFoe1MrpoX9bN0ms09Zgk6ee', 2),
        (59, 59, '$2a$12$rrNnco5DWbaFxKMq457MouwkzL/R2XFoe1MrpoX9bN0ms09Zgk6ee', 3),
        (60, 60, '$2a$12$rrNnco5DWbaFxKMq457MouwkzL/R2XFoe1MrpoX9bN0ms09Zgk6ee', 3),
        (61, 61, '$2a$12$rrNnco5DWbaFxKMq457MouwkzL/R2XFoe1MrpoX9bN0ms09Zgk6ee', 1),
        (62, 62, '$2a$12$rrNnco5DWbaFxKMq457MouwkzL/R2XFoe1MrpoX9bN0ms09Zgk6ee', 2),
        (63, 63, '$2a$12$rrNnco5DWbaFxKMq457MouwkzL/R2XFoe1MrpoX9bN0ms09Zgk6ee', 3),
        (64, 64, '$2a$12$rrNnco5DWbaFxKMq457MouwkzL/R2XFoe1MrpoX9bN0ms09Zgk6ee', 4),
        (65, 65, '$2a$12$rrNnco5DWbaFxKMq457MouwkzL/R2XFoe1MrpoX9bN0ms09Zgk6ee', 4),
        (66, 66, '$2a$12$rrNnco5DWbaFxKMq457MouwkzL/R2XFoe1MrpoX9bN0ms09Zgk6ee', 4),
        (67, 67, '$2a$12$rrNnco5DWbaFxKMq457MouwkzL/R2XFoe1MrpoX9bN0ms09Zgk6ee', 2),
        (68, 68, '$2a$12$rrNnco5DWbaFxKMq457MouwkzL/R2XFoe1MrpoX9bN0ms09Zgk6ee', 2),
        (69, 69, '$2a$12$rrNnco5DWbaFxKMq457MouwkzL/R2XFoe1MrpoX9bN0ms09Zgk6ee', 3),
        (70, 70, '$2a$12$rrNnco5DWbaFxKMq457MouwkzL/R2XFoe1MrpoX9bN0ms09Zgk6ee', 3);

-- Insert roles:
-- ptype = 'p'
-- v0 - 'sub' from policy_definition = role_id
-- v1 - 'obj' from policy_definition = REST resource (endpoint)
-- v2 - 'act' from policy_definition = available HTTP methods for this role
INSERT INTO public.policies (ptype, v0, v1, v2)
VALUES ('p', '4', '/users/{user_id}', 'GET'),
       ('p', '2', '/users', '*'),
       ('p', '2', '/users/*', '*'),
       ('p', '1', '/accounts', '*');

-- Insert users:
-- ptype = 'g'
-- v0 - user_id
-- v1- role_id
INSERT INTO public.policies (ptype, v0, v1)
VALUES ('g', '1', '1'),
       ('g', '2', '2'),
       ('g', '3', '3'),
       ('g', '4', '4'),
       ('g', '5', '4'),
       ('g', '6', '4'),
       ('g', '7', '2'),
       ('g', '8', '2'),
       ('g', '9', '3'),
       ('g', '10', '3');

INSERT INTO public.passports (id, user_id, series, number, issued_date, issued_by, created_at, updated_at)
VALUES (1, 1, '4124', '294554', '2018-06-05', 'Отделением УФМС России по г. Новошахтинск', '2020-09-20', '2022-09-20'),
       (2, 2, '4094', '539231', '2019-10-15', 'ОВД России по г. Димитровград', '2022-05-23', '2023-09-20'),
       (3, 3, '4374', '901790', '2020-02-23', 'ОВД России по г. Раменское', '2020-03-08', '2020-12-06'),
       (4, 4, '4346', '877625', '2019-07-28', 'Отделением УФМС России по г. Иркутск', '2020-09-11', '2021-01-25'),
       (5, 5, '4994', '682897', '2015-03-24', 'Отделением УФМС России по г. Смоленск', '2020-01-12', '2020-09-05'),
       (6, 6, '4832', '989249', '2016-11-09', 'Управление внутренних дел по г. Черкесск', '2020-04-25', '2020-07-18'),
       (7, 7, '4313', '468910', '2006-12-13', 'Отделением УФМС России по г. Каменск - Уральский', '2019-09-01', '2019-12-14'),
       (8, 8, '4845', '417773', '2008-07-17', 'ОУФМС России по г. Благовещенск', '2021-06-25', '2022-01-03'),
       (9, 9, '4266', '406422', '2014-09-11', 'Управление внутренних дел по г. Старый Оскол', '2019-12-05', '2020-04-01'),
       (10, 10, '4429', '858865', '2009-08-14', 'Управление внутренних дел по г. Салават', '2020-06-10', '2021-01-14'),
       (11, 11, '4995',	'218418', '2015-06-25', 'ОВД России по г. Иваново', '2021-02-15', '2022-03-19'),
       (12, 12, '4877', '510354', '2017-05-26', 'ОВД России по г. Таганрог', '2020-11-03', '2021-03-08'),
       (13, 13, '4424',	'351340', '2020-08-16', 'Отделением УФМС России в г. Южно-Сахалинск', '2021-09-30', '2022-09-04'),
       (14, 14, '4130',	'587770', '2023-05-24', 'Управление внутренних дел по г. Черкесск', '2021-03-22', '2022-05-05'),
       (15, 15, '4818',	'503132', '2022-04-27', 'Управление внутренних дел по г. Серпухов', '2019-10-03', '2020-11-09'),
       (16, 16, '4174',	'210880', '2017-07-29', 'Отделом внутренних дел России по г. Сергиев Посад', '2022-09-25', '2023-04-17'),
       (17, 17, '4445',	'105559', '2010-09-30', 'Отделением УФМС России по г. Сызрань', '2022-08-01', '2023-07-10'),
       (18, 18, '4489',	'244401', '2009-06-23', 'Отделом внутренних дел России по г. Петропавловск-Камчатский', '2019-07-30', '2020-04-05'),
       (19, 19, '4722',	'802255', '2005-02-17', 'ОВД России по г. Волжский', '2022-01-20', '2022-08-12'),
       (20, 20, '4636',	'426893', '2017-09-22', 'Отделением УФМС России по г. Камышин', '2021-11-23', '2022-03-15'),
       (21, 21, '4424', '351340', '2018-01-22', 'Отделением УФМС России в г. Новомосковск', '2020-10-07', '2022-04-02'),
       (22, 22, '4026',	'210847', '2023-11-27', 'Отделением УФМС России по г. Иркутск', '2019-10-20', '2020-06-09'),
       (23, 23, '4461',	'223235', '2011-05-04', 'Отделением УФМС России в г. Екатеринбург', '2019-08-27', '2019-10-15'),
       (24, 24, '4144',	'930735', '2012-04-13', 'Отделом внутренних дел России по г. Электросталь', '2019-10-02', '2020-01-16'),
       (25, 25, '4860',	'122849', '2013-07-25', 'Отделением УФМС России в г. Пушкино', '2019-11-15', '2020-06-28'),
       (26, 26, '4094', '539231', '2019-10-15', 'ОВД России по г. Димитровград', '2022-05-23', '2023-09-20'),
       (27, 27, '4374', '901790', '2020-02-23', 'ОВД России по г. Раменское', '2020-03-08', '2020-12-06'),
       (28, 28, '4346', '877625', '2019-07-28', 'Отделением УФМС России по г. Иркутск', '2020-09-11', '2021-01-25'),
       (29, 29, '4994', '682897', '2015-03-24', 'Отделением УФМС России по г. Смоленск', '2020-01-12', '2020-09-05'),
       (30, 30, '4832', '989249', '2016-11-09', 'Управление внутренних дел по г. Черкесск', '2020-04-25', '2020-07-18'),
       (31, 31, '4124', '294554', '2018-06-05', 'Отделением УФМС России по г. Новошахтинск', '2020-09-20', '2022-09-20'),
       (32, 32, '4313', '468910', '2006-12-13', 'Отделением УФМС России по г. Каменск - Уральский', '2019-09-01', '2019-12-14'),
       (33, 33, '4722',	'802255', '2005-02-17', 'ОВД России по г. Волжский', '2022-01-20', '2022-08-12'),
       (34, 34, '4636',	'426893', '2017-09-22', 'Отделением УФМС России по г. Камышин', '2021-11-23', '2022-03-15'),
       (35, 35, '4424', '351340', '2018-01-22', 'Отделением УФМС России в г. Новомосковск', '2020-10-07', '2022-04-02'),
       (36, 36, '4026',	'210847', '2023-11-27', 'Отделением УФМС России по г. Иркутск', '2019-10-20', '2020-06-09'),
       (37, 37, '4461',	'223235', '2011-05-04', 'Отделением УФМС России в г. Екатеринбург', '2019-08-27', '2019-10-15'),
       (38, 38, '4144',	'930735', '2012-04-13', 'Отделом внутренних дел России по г. Электросталь', '2019-10-02', '2020-01-16'),
       (39, 39, '4860',	'122849', '2013-07-25', 'Отделением УФМС России в г. Пушкино', '2019-11-15', '2020-06-28'),
       (40, 40, '4845', '417773', '2008-07-17', 'ОУФМС России по г. Благовещенск', '2021-06-25', '2022-01-03'),
       (41, 41, '4266', '406422', '2014-09-11', 'Управление внутренних дел по г. Старый Оскол', '2019-12-05', '2020-04-01'),
       (42, 42, '4429', '858865', '2009-08-14', 'Управление внутренних дел по г. Салават', '2020-06-10', '2021-01-14'),
       (43, 43, '4995',	'218418', '2015-06-25', 'ОВД России по г. Иваново', '2021-02-15', '2022-03-19'),
       (44, 44, '4877', '510354', '2017-05-26', 'ОВД России по г. Таганрог', '2020-11-03', '2021-03-08'),
       (46, 46, '4424',	'351340', '2020-08-16', 'Отделением УФМС России в г. Южно-Сахалинск', '2021-09-30', '2022-09-04'),
       (45, 45, '4130',	'587770', '2023-05-24', 'Управление внутренних дел по г. Черкесск', '2021-03-22', '2022-05-05'),
       (47, 47, '4818',	'503132', '2022-04-27', 'Управление внутренних дел по г. Серпухов', '2019-10-03', '2020-11-09'),
       (48, 48, '4174',	'210880', '2017-07-29', 'Отделом внутренних дел России по г. Сергиев Посад', '2022-09-25', '2023-04-17'),
       (49, 49, '4445',	'105559', '2010-09-30', 'Отделением УФМС России по г. Сызрань', '2022-08-01', '2023-07-10'),
       (50, 50, '4489',	'244401', '2009-06-23', 'Отделом внутренних дел России по г. Петропавловск-Камчатский', '2019-07-30', '2020-04-05'),
       (51, 51, '4445',	'105559', '2010-09-30', 'Отделением УФМС России по г. Сызрань', '2022-08-01', '2023-07-10'),
       (52, 52, '4489',	'244401', '2009-06-23', 'Отделом внутренних дел России по г. Петропавловск-Камчатский', '2019-07-30', '2020-04-05'),
       (53, 53, '4722',	'802255', '2005-02-17', 'ОВД России по г. Волжский', '2022-01-20', '2022-08-12'),
       (54, 54, '4636',	'426893', '2017-09-22', 'Отделением УФМС России по г. Камышин', '2021-11-23', '2022-03-15'),
       (55, 55, '4424', '351340', '2018-01-22', 'Отделением УФМС России в г. Новомосковск', '2020-10-07', '2022-04-02'),
       (56, 56, '4374', '901790', '2020-02-23', 'ОВД России по г. Раменское', '2020-03-08', '2020-12-06'),
       (57, 57, '4346', '877625', '2019-07-28', 'Отделением УФМС России по г. Иркутск', '2020-09-11', '2021-01-25'),
       (58, 58, '4994', '682897', '2015-03-24', 'Отделением УФМС России по г. Смоленск', '2020-01-12', '2020-09-05'),
       (59, 59, '4832', '989249', '2016-11-09', 'Управление внутренних дел по г. Черкесск', '2020-04-25', '2020-07-18'),
       (60, 60, '4026',	'210847', '2023-11-27', 'Отделением УФМС России по г. Иркутск', '2019-10-20', '2020-06-09'),
       (61, 61, '4461',	'223235', '2011-05-04', 'Отделением УФМС России в г. Екатеринбург', '2019-08-27', '2019-10-15'),
       (62, 62, '4144',	'930735', '2012-04-13', 'Отделом внутренних дел России по г. Электросталь', '2019-10-02', '2020-01-16'),
       (63, 63, '4860',	'122849', '2013-07-25', 'Отделением УФМС России в г. Пушкино', '2019-11-15', '2020-06-28'),
       (64, 64, '4124', '294554', '2018-06-05', 'Отделением УФМС России по г. Новошахтинск', '2020-09-20', '2022-09-20'),
       (65, 65, '4094', '539231', '2019-10-15', 'ОВД России по г. Димитровград', '2022-05-23', '2023-09-20'),
       (66, 66, '4313', '468910', '2006-12-13', 'Отделением УФМС России по г. Каменск - Уральский', '2019-09-01', '2019-12-14'),
       (67, 67, '4845', '417773', '2008-07-17', 'ОУФМС России по г. Благовещенск', '2021-06-25', '2022-01-03'),
       (68, 68, '4266', '406422', '2014-09-11', 'Управление внутренних дел по г. Старый Оскол', '2019-12-05', '2020-04-01'),
       (69, 69, '4429', '858865', '2009-08-14', 'Управление внутренних дел по г. Салават', '2020-06-10', '2021-01-14'),
       (70, 70, '4995',	'218418', '2015-06-25', 'ОВД России по г. Иваново', '2021-02-15', '2022-03-19');


INSERT INTO public.militaries (id, user_id, rank, title_of_commissariat, specialty, category_of_validity, created_at, updated_at)
VALUES (1, 1, 'Капитан', 'Операции', 'Медицинские войска', 'А', '2008-01-10 01:15:13.957148', '2009-09-29 01:15:13.957148'),
       (2, 2, 'Лейтенант', 'Инженерное дело', 'Медицинские войска', 'Д', '2007-01-10 01:15:13.957179', '2008-09-03 01:15:13.957179'),
       (3, 3, 'Полковник', 'Инженерное дело', 'Бронетанковые войска', 'В', '2008-01-10 01:15:13.957196', '2010-01-14 01:15:13.957196'),
       (4, 4, 'Полковник', 'Операции', 'Пехота', 'Г', '2020-01-10 01:15:13.958472', '2022-03-01 01:15:13.958472'),
       (5, 5, 'Полковник', 'Разведка', 'Пехота', 'Е', '2012-01-10 01:15:13.958493', '2013-09-20 01:15:13.958493'),
       (6, 6, 'Майор', 'Логистика', 'Бронетанковые войска', 'А', '2013-01-10 01:15:13.958509', '2014-08-22 01:15:13.958509'),
       (7, 7, 'Майор', 'Инженерное дело', 'Пехота', 'А', '2004-01-10 01:15:13.958523', '2005-04-17 01:15:13.958523'),
       (8, 8, 'Подполковник', 'Медицина', 'Медицинские войска', 'Г', '2006-01-10 01:15:13.958537', '2007-06-21 01:15:13.958537'),
       (9, 9, 'Полковник', 'Связь', 'Бронетанковые войска', 'Е', '2005-01-10 01:15:13.958550', '2006-10-09 01:15:13.958550'),
       (10, 10, 'Капитан', 'Разведка', 'Пехота', 'Г', '2007-01-10 01:15:13.958565', '2008-09-25 01:15:13.958565'),
       (11, 11, 'Лейтенант', 'Разведка', 'Пехота', 'Б', '2006-01-10 01:25:38.587492', '2007-03-31 01:25:38.587492'),
       (12, 12, 'Генерал', 'Медицина', 'Инженерные войска', 'Г', '2001-01-10 01:25:38.587524', '2002-01-14 01:25:38.587524'),
       (13, 13, 'Подполковник', 'Разведка', 'Медицинские войска', 'Б', '2002-01-10 01:25:38.587540', '2003-05-23 01:25:38.587540'),
       (14, 14, 'Майор', 'Разведка', 'Инженерные войска', 'В', '2003-01-10 01:25:38.587554', '2004-10-15 01:25:38.587554'),
       (15, 15, 'Сержант', 'Связь', 'Медицинские войска', 'Д', '2004-01-10 01:25:38.587570', '2005-02-25 01:25:38.587570'),
       (16, 16, 'Рядовой', 'Разведка', 'Бронетанковые войска', 'Б', '2002-01-10 01:25:38.587585', '2003-08-26 01:25:38.587585'),
       (17, 17, 'Лейтенант', 'Инженерное дело', 'Медицинские войска', 'Б', '2006-01-10 01:25:38.587599', '2007-03-06 01:25:38.587599'),
       (18, 18, 'Капитан', 'Операции', 'Авиация', 'Г', '2017-01-10 01:25:38.587614', '2018-10-19 01:25:38.587614'),
       (19, 19, 'Полковник', 'Медицина', 'Бронетанковые войска', 'А', '2007-01-10 01:25:38.587628', '2008-09-25 01:25:38.587628'),
       (20, 20, 'Подполковник', 'Связь', 'Авиация', 'А', '2003-01-10 01:25:38.587643', '2005-12-10 01:25:38.587643'),
       (21, 21, 'Майор', 'Медицина', 'Пехота', 'Б', '1999-01-10 01:25:38.587658', '2000-03-15 01:25:38.587658'),
       (22, 22, 'Генерал', 'Инженерное дело', 'Войска связи', 'Д', '1999-01-10 01:25:38.587671', '2001-11-06 01:25:38.587671'),
       (23, 23, 'Майор', 'Связь', 'Артиллерия', 'Д', '2009-01-10 01:25:38.587685', '2010-03-23 01:25:38.587685'),
       (24, 24, 'Рядовой', 'Медицина', 'Медицинские войска', 'Д', '2011-01-10 01:25:38.587701', '2012-09-16 01:25:38.587701'),
       (25, 25, 'Сержант', 'Инженерное дело', 'Инженерные войска', 'Г', '2002-01-10 01:25:38.587714', '2003-07-01 01:25:38.587714'),
       (26, 26, 'Рядовой', 'Разведка', 'Бронетанковые войска', 'Б', '2002-01-10 01:25:38.587585', '2003-08-26 01:25:38.587585'),
       (27, 27, 'Лейтенант', 'Инженерное дело', 'Медицинские войска', 'Б', '2006-01-10 01:25:38.587599', '2007-03-06 01:25:38.587599'),
       (28, 28, 'Капитан', 'Операции', 'Авиация', 'Г', '2017-01-10 01:25:38.587614', '2018-10-19 01:25:38.587614'),
       (29, 29, 'Полковник', 'Медицина', 'Бронетанковые войска', 'А', '2007-01-10 01:25:38.587628', '2008-09-25 01:25:38.587628'),
       (30, 30, 'Капитан', 'Операции', 'Медицинские войска', 'А', '2008-01-10 01:15:13.957148', '2009-09-29 01:15:13.957148'),
       (31, 31, 'Лейтенант', 'Разведка', 'Пехота', 'Б', '2006-01-10 01:25:38.587492', '2007-03-31 01:25:38.587492'),
       (32, 32, 'Лейтенант', 'Инженерное дело', 'Медицинские войска', 'Д', '2007-01-10 01:15:13.957179', '2008-09-03 01:15:13.957179'),
       (33, 33, 'Полковник', 'Инженерное дело', 'Бронетанковые войска', 'В', '2008-01-10 01:15:13.957196', '2010-01-14 01:15:13.957196'),
       (34, 34, 'Рядовой', 'Медицина', 'Медицинские войска', 'Д', '2011-01-10 01:25:38.587701', '2012-09-16 01:25:38.587701'),
       (35, 35, 'Сержант', 'Инженерное дело', 'Инженерные войска', 'Г', '2002-01-10 01:25:38.587714', '2003-07-01 01:25:38.587714'),
       (36, 36, 'Рядовой', 'Разведка', 'Бронетанковые войска', 'Б', '2002-01-10 01:25:38.587585', '2003-08-26 01:25:38.587585'),
       (37, 37, 'Лейтенант', 'Инженерное дело', 'Медицинские войска', 'Б', '2006-01-10 01:25:38.587599', '2007-03-06 01:25:38.587599'),
       (38, 38, 'Капитан', 'Операции', 'Авиация', 'Г', '2017-01-10 01:25:38.587614', '2018-10-19 01:25:38.587614'),
       (39, 39, 'Полковник', 'Медицина', 'Бронетанковые войска', 'А', '2007-01-10 01:25:38.587628', '2008-09-25 01:25:38.587628'),
       (40, 40, 'Подполковник', 'Связь', 'Авиация', 'А', '2003-01-10 01:25:38.587643', '2005-12-10 01:25:38.587643'),
       (51, 51, 'Лейтенант', 'Разведка', 'Пехота', 'Б', '2006-01-10 01:25:38.587492', '2007-03-31 01:25:38.587492'),
       (52, 52, 'Генерал', 'Медицина', 'Инженерные войска', 'Г', '2001-01-10 01:25:38.587524', '2002-01-14 01:25:38.587524'),
       (53, 53, 'Подполковник', 'Разведка', 'Медицинские войска', 'Б', '2002-01-10 01:25:38.587540', '2003-05-23 01:25:38.587540'),
       (54, 54, 'Майор', 'Разведка', 'Инженерные войска', 'В', '2003-01-10 01:25:38.587554', '2004-10-15 01:25:38.587554'),
       (55, 55, 'Полковник', 'Разведка', 'Пехота', 'Е', '2012-01-10 01:15:13.958493', '2013-09-20 01:15:13.958493'),
       (56, 56, 'Майор', 'Логистика', 'Бронетанковые войска', 'А', '2013-01-10 01:15:13.958509', '2014-08-22 01:15:13.958509'),
       (57, 57, 'Майор', 'Инженерное дело', 'Пехота', 'А', '2004-01-10 01:15:13.958523', '2005-04-17 01:15:13.958523'),
       (58, 58, 'Подполковник', 'Медицина', 'Медицинские войска', 'Г', '2006-01-10 01:15:13.958537', '2007-06-21 01:15:13.958537'),
       (59, 59, 'Полковник', 'Медицина', 'Бронетанковые войска', 'А', '2007-01-10 01:25:38.587628', '2008-09-25 01:25:38.587628'),
       (60, 60, 'Капитан', 'Операции', 'Медицинские войска', 'А', '2008-01-10 01:15:13.957148', '2009-09-29 01:15:13.957148'),
       (61, 61, 'Майор', 'Медицина', 'Пехота', 'Б', '1999-01-10 01:25:38.587658', '2000-03-15 01:25:38.587658'),
       (62, 62, 'Генерал', 'Инженерное дело', 'Войска связи', 'Д', '1999-01-10 01:25:38.587671', '2001-11-06 01:25:38.587671'),
       (63, 63, 'Майор', 'Связь', 'Артиллерия', 'Д', '2009-01-10 01:25:38.587685', '2010-03-23 01:25:38.587685'),
       (64, 64, 'Майор', 'Разведка', 'Инженерные войска', 'В', '2003-01-10 01:25:38.587554', '2004-10-15 01:25:38.587554'),
       (65, 65, 'Сержант', 'Связь', 'Медицинские войска', 'Д', '2004-01-10 01:25:38.587570', '2005-02-25 01:25:38.587570'),
       (66, 66, 'Рядовой', 'Разведка', 'Бронетанковые войска', 'Б', '2002-01-10 01:25:38.587585', '2003-08-26 01:25:38.587585'),
       (67, 67, 'Лейтенант', 'Инженерное дело', 'Медицинские войска', 'Б', '2006-01-10 01:25:38.587599', '2007-03-06 01:25:38.587599'),
       (68, 68, 'Подполковник', 'Медицина', 'Медицинские войска', 'Г', '2006-01-10 01:15:13.958537', '2007-06-21 01:15:13.958537'),
       (69, 69, 'Полковник', 'Связь', 'Бронетанковые войска', 'Е', '2005-01-10 01:15:13.958550', '2006-10-09 01:15:13.958550'),
       (70, 70, 'Капитан', 'Разведка', 'Пехота', 'Г', '2007-01-10 01:15:13.958565', '2008-09-25 01:15:13.958565');

INSERT INTO public.trainings (id, user_id, title_of_institution, title_of_program, cost, date_begin, date_end, created_at, updated_at)
VALUES (1, 1, 'Центр Карьерного Развития', 'Курс по разработке мобильных приложений', 110325, '2023-09-23', '2024-03-12', '2024-01-10 01:37:45.939103', '2024-04-04 01:37:45.939103'),
       (2, 2, 'Университет Непрерывного Образования', 'Управление проектами', 105014, '2023-07-06', '2023-08-17', '2024-01-10 01:37:45.939177', '2024-09-25 01:37:45.939177'),
       (3, 3, 'Институт Профессионального Обучения', 'Курс по разработке мобильных приложений', 179245, '2023-02-10', '2023-05-04', '2024-01-10 01:37:45.939195', '2024-05-31 01:37:45.939195'),
       (4, 4, 'Институт Профессионального Обучения', 'Маркетинг и реклама', 110594, '2023-08-27', '2024-02-12', '2024-01-10 01:37:45.939211', '2024-07-04 01:37:45.939211'),
       (5, 5, 'Образовательный центр "Прогресс"', 'Управление проектами', 107413, '2023-06-14', '2023-11-20', '2024-01-10 01:37:45.939226', '2024-10-19 01:37:45.939226'),
       (6, 6, 'Образовательный центр "Прогресс"', 'Профессиональный курс по графическому дизайну', 117982, '2023-03-31', '2023-06-01', '2024-01-10 01:42:25.686432', '2024-08-20 01:42:25.686432'),
       (7, 7, 'Образовательный центр "Прогресс"', 'Курс по разработке мобильных приложений', 131700, '2023-03-07', '2023-07-19', '2024-01-10 01:42:25.686474', '2024-10-07 01:42:25.686474'),
       (8, 8, 'Академия Наук и Технологий', 'Профессиональный курс по графическому дизайну', 197307, '2023-11-21', '2024-01-25', '2024-01-10 01:42:25.686683', '2024-07-03 01:42:25.686683'),
       (9, 9, 'Академия Наук и Технологий', 'Маркетинг и реклама', 166250, '2023-02-21', '2023-07-12', '2024-01-10 01:42:25.686571', '2024-10-12 01:42:25.686571'),
       (10, 10, 'Институт Профессионального Обучения', 'Управление проектами', 114182, '2023-03-14', '2023-07-12', '2024-01-10 01:42:25.686588', '2024-05-16 01:42:25.686588'),
       (11, 11, 'Образовательный центр "Прогресс"', 'Профессиональный курс по графическому дизайну', 169675, '2023-06-19', '2023-11-16', '2024-01-10 01:42:25.686619', '2024-02-13 01:42:25.686619'),
       (12, 12, 'Образовательный центр "Прогресс"', 'Курс по разработке мобильных приложений', 76627, '2023-04-16', '2023-08-22', '2024-01-10 01:42:25.686635', '2024-11-27 01:42:25.686635'),
       (13, 13, 'Институт Профессионального Обучения', 'Курс по разработке мобильных приложений', 50312, '2023-05-22', '2023-07-09', '2024-01-10 01:42:25.686651', '2024-12-13 01:42:25.686651'),
       (14, 14, 'Академия Наук и Технологий', 'Профессиональный курс по графическому дизайну', 192456, '2023-10-21', '2023-12-16', '2024-01-10 01:42:25.686667', '2024-08-10 01:42:25.686667'),
       (15, 15, 'Академия Наук и Технологий', 'Профессиональный курс по графическому дизайну', 197307, '2023-11-21', '2024-01-25', '2024-01-10 01:42:25.686683', '2024-07-03 01:42:25.686683'),
       (16, 16, 'Институт Профессионального Обучения', 'Управление проектами', 178478, '2023-02-18', '2023-05-15', '2024-01-10 01:42:25.686699', '2024-10-27 01:42:25.686699'),
       (17, 17, 'Институт Профессионального Обучения', 'Программирование на Python', 51363, '2023-06-30', '2023-10-26', '2024-01-10 01:42:25.686715', '2024-03-17 01:42:25.686715'),
       (18, 18, 'Центр Карьерного Развития', 'Маркетинг и реклама', 178786, '2023-07-25', '2023-08-31', '2024-01-10 01:42:25.686730', '2024-10-11 01:42:25.686730'),
       (19, 19, 'Образовательный центр "Прогресс"', 'Программирование на Python', 70728, '2023-03-07', '2023-04-08', '2024-01-10 01:42:25.686745', '2024-04-08 01:42:25.686745'),
       (20, 20, 'Институт Профессионального Обучения', 'Управление проектами', 183787, '2023-02-25', '2023-05-01', '2024-01-10 01:42:25.686761', '2025-01-08 01:42:25.686761'),
       (21, 21, 'Академия Наук и Технологий', 'Курс по разработке мобильных приложений', 161922, '2023-09-08', '2024-01-05', '2024-01-10 01:50:50.319776', '2024-06-11 01:50:50.319776'),
       (22, 22, 'Центр Карьерного Развития', 'Маркетинг и реклама', 103617, '2023-12-06', '2024-05-31', '2024-01-10 01:50:50.319794', '2024-01-11 01:50:50.319794'),
       (23, 23, 'Институт Профессионального Обучения', 'Курс по разработке мобильных приложений', 69772, '2023-01-26', '2023-07-16', '2024-01-10 01:50:50.319810', '2024-12-28 01:50:50.319810'),
       (24, 24, 'Институт Профессионального Обучения', 'Программирование на Python', 53217, '2023-01-10', '2023-07-08', '2024-01-10 01:50:50.319825', '2024-03-10 01:50:50.319825'),
       (25, 25, 'Университет Непрерывного Образования', 'Управление проектами', 85870, '2023-06-16', '2023-09-27', '2024-01-10 01:50:50.319839', '2024-10-01 01:50:50.319839'),
       (26, 26, 'Образовательный центр "Прогресс"', 'Профессиональный курс по графическому дизайну', 169675, '2023-06-19', '2023-11-16', '2024-01-10 01:42:25.686619', '2024-02-13 01:42:25.686619'),
       (27, 27, 'Образовательный центр "Прогресс"', 'Курс по разработке мобильных приложений', 76627, '2023-04-16', '2023-08-22', '2024-01-10 01:42:25.686635', '2024-11-27 01:42:25.686635'),
       (28, 28, 'Институт Профессионального Обучения', 'Курс по разработке мобильных приложений', 50312, '2023-05-22', '2023-07-09', '2024-01-10 01:42:25.686651', '2024-12-13 01:42:25.686651'),
       (29, 29, 'Академия Наук и Технологий', 'Маркетинг и реклама', 166250, '2023-02-21', '2023-07-12', '2024-01-10 01:42:25.686571', '2024-10-12 01:42:25.686571'),
       (30, 30, 'Институт Профессионального Обучения', 'Управление проектами', 114182, '2023-03-14', '2023-07-12', '2024-01-10 01:42:25.686588', '2024-05-16 01:42:25.686588'),
       (31, 31, 'Центр Карьерного Развития', 'Курс по разработке мобильных приложений', 110325, '2023-09-23', '2024-03-12', '2024-01-10 01:37:45.939103', '2024-04-04 01:37:45.939103'),
       (32, 32, 'Университет Непрерывного Образования', 'Управление проектами', 105014, '2023-07-06', '2023-08-17', '2024-01-10 01:37:45.939177', '2024-09-25 01:37:45.939177'),
       (33, 33, 'Институт Профессионального Обучения', 'Курс по разработке мобильных приложений', 50312, '2023-05-22', '2023-07-09', '2024-01-10 01:42:25.686651', '2024-12-13 01:42:25.686651'),
       (34, 34, 'Академия Наук и Технологий', 'Профессиональный курс по графическому дизайну', 192456, '2023-10-21', '2023-12-16', '2024-01-10 01:42:25.686667', '2024-08-10 01:42:25.686667'),
       (35, 35, 'Академия Наук и Технологий', 'Профессиональный курс по графическому дизайну', 197307, '2023-11-21', '2024-01-25', '2024-01-10 01:42:25.686683', '2024-07-03 01:42:25.686683'),
       (36, 36, 'Институт Профессионального Обучения', 'Управление проектами', 178478, '2023-02-18', '2023-05-15', '2024-01-10 01:42:25.686699', '2024-10-27 01:42:25.686699'),
       (37, 37, 'Институт Профессионального Обучения', 'Программирование на Python', 51363, '2023-06-30', '2023-10-26', '2024-01-10 01:42:25.686715', '2024-03-17 01:42:25.686715'),
       (38, 38, 'Академия Наук и Технологий', 'Профессиональный курс по графическому дизайну', 197307, '2023-11-21', '2024-01-25', '2024-01-10 01:42:25.686683', '2024-07-03 01:42:25.686683'),
       (39, 39, 'Академия Наук и Технологий', 'Маркетинг и реклама', 166250, '2023-02-21', '2023-07-12', '2024-01-10 01:42:25.686571', '2024-10-12 01:42:25.686571'),
       (40, 40, 'Институт Профессионального Обучения', 'Управление проектами', 114182, '2023-03-14', '2023-07-12', '2024-01-10 01:42:25.686588', '2024-05-16 01:42:25.686588'),
       (41, 41, 'Академия Наук и Технологий', 'Курс по разработке мобильных приложений', 161922, '2023-09-08', '2024-01-05', '2024-01-10 01:50:50.319776', '2024-06-11 01:50:50.319776'),
       (42, 42, 'Центр Карьерного Развития', 'Маркетинг и реклама', 103617, '2023-12-06', '2024-05-31', '2024-01-10 01:50:50.319794', '2024-01-11 01:50:50.319794'),
       (43, 43, 'Институт Профессионального Обучения', 'Курс по разработке мобильных приложений', 69772, '2023-01-26', '2023-07-16', '2024-01-10 01:50:50.319810', '2024-12-28 01:50:50.319810'),
       (44, 44, 'Институт Профессионального Обучения', 'Программирование на Python', 53217, '2023-01-10', '2023-07-08', '2024-01-10 01:50:50.319825', '2024-03-10 01:50:50.319825'),
       (45, 45, 'Академия Наук и Технологий', 'Профессиональный курс по графическому дизайну', 197307, '2023-11-21', '2024-01-25', '2024-01-10 01:42:25.686683', '2024-07-03 01:42:25.686683'),
       (46, 46, 'Институт Профессионального Обучения', 'Управление проектами', 178478, '2023-02-18', '2023-05-15', '2024-01-10 01:42:25.686699', '2024-10-27 01:42:25.686699'),
       (47, 47, 'Институт Профессионального Обучения', 'Программирование на Python', 51363, '2023-06-30', '2023-10-26', '2024-01-10 01:42:25.686715', '2024-03-17 01:42:25.686715'),
       (48, 48, 'Центр Карьерного Развития', 'Маркетинг и реклама', 178786, '2023-07-25', '2023-08-31', '2024-01-10 01:42:25.686730', '2024-10-11 01:42:25.686730'),
       (49, 49, 'Образовательный центр "Прогресс"', 'Программирование на Python', 70728, '2023-03-07', '2023-04-08', '2024-01-10 01:42:25.686745', '2024-04-08 01:42:25.686745'),
       (50, 50, 'Институт Профессионального Обучения', 'Управление проектами', 114182, '2023-03-14', '2023-07-12', '2024-01-10 01:42:25.686588', '2024-05-16 01:42:25.686588'),
       (51, 51, 'Образовательный центр "Прогресс"', 'Профессиональный курс по графическому дизайну', 169675, '2023-06-19', '2023-11-16', '2024-01-10 01:42:25.686619', '2024-02-13 01:42:25.686619'),
       (52, 52, 'Образовательный центр "Прогресс"', 'Курс по разработке мобильных приложений', 76627, '2023-04-16', '2023-08-22', '2024-01-10 01:42:25.686635', '2024-11-27 01:42:25.686635'),
       (53, 53, 'Институт Профессионального Обучения', 'Курс по разработке мобильных приложений', 50312, '2023-05-22', '2023-07-09', '2024-01-10 01:42:25.686651', '2024-12-13 01:42:25.686651'),
       (54, 54, 'Академия Наук и Технологий', 'Профессиональный курс по графическому дизайну', 192456, '2023-10-21', '2023-12-16', '2024-01-10 01:42:25.686667', '2024-08-10 01:42:25.686667'),
       (55, 55, 'Образовательный центр "Прогресс"', 'Управление проектами', 107413, '2023-06-14', '2023-11-20', '2024-01-10 01:37:45.939226', '2024-10-19 01:37:45.939226'),
       (56, 56, 'Образовательный центр "Прогресс"', 'Профессиональный курс по графическому дизайну', 117982, '2023-03-31', '2023-06-01', '2024-01-10 01:42:25.686432', '2024-08-20 01:42:25.686432'),
       (57, 57, 'Образовательный центр "Прогресс"', 'Курс по разработке мобильных приложений', 131700, '2023-03-07', '2023-07-19', '2024-01-10 01:42:25.686474', '2024-10-07 01:42:25.686474'),
       (58, 58, 'Академия Наук и Технологий', 'Профессиональный курс по графическому дизайну', 197307, '2023-11-21', '2024-01-25', '2024-01-10 01:42:25.686683', '2024-07-03 01:42:25.686683'),
       (59, 59, 'Академия Наук и Технологий', 'Маркетинг и реклама', 166250, '2023-02-21', '2023-07-12', '2024-01-10 01:42:25.686571', '2024-10-12 01:42:25.686571'),
       (60, 60, 'Институт Профессионального Обучения', 'Управление проектами', 183787, '2023-02-25', '2023-05-01', '2024-01-10 01:42:25.686761', '2025-01-08 01:42:25.686761'),
       (61, 61, 'Образовательный центр "Прогресс"', 'Профессиональный курс по графическому дизайну', 169675, '2023-06-19', '2023-11-16', '2024-01-10 01:42:25.686619', '2024-02-13 01:42:25.686619'),
       (62, 62, 'Образовательный центр "Прогресс"', 'Курс по разработке мобильных приложений', 76627, '2023-04-16', '2023-08-22', '2024-01-10 01:42:25.686635', '2024-11-27 01:42:25.686635'),
       (63, 63, 'Институт Профессионального Обучения', 'Курс по разработке мобильных приложений', 50312, '2023-05-22', '2023-07-09', '2024-01-10 01:42:25.686651', '2024-12-13 01:42:25.686651'),
       (64, 64, 'Академия Наук и Технологий', 'Профессиональный курс по графическому дизайну', 192456, '2023-10-21', '2023-12-16', '2024-01-10 01:42:25.686667', '2024-08-10 01:42:25.686667'),
       (65, 65, 'Академия Наук и Технологий', 'Маркетинг и реклама', 166250, '2023-11-21', '2024-01-25', '2024-01-10 01:42:25.686683', '2024-07-03 01:42:25.686683'),
       (66, 66, 'Институт Профессионального Обучения', 'Управление проектами', 178478, '2023-02-18', '2023-05-15', '2024-01-10 01:42:25.686699', '2024-10-27 01:42:25.686699'),
       (67, 67, 'Институт Профессионального Обучения', 'Программирование на Python', 51363, '2023-06-30', '2023-10-26', '2024-01-10 01:42:25.686715', '2024-03-17 01:42:25.686715'),
       (68, 68, 'Центр Карьерного Развития', 'Маркетинг и реклама', 178786, '2023-07-25', '2023-08-31', '2024-01-10 01:42:25.686730', '2024-10-11 01:42:25.686730'),
       (69, 69, 'Образовательный центр "Прогресс"', 'Программирование на Python', 70728, '2023-03-07', '2023-04-08', '2024-01-10 01:42:25.686745', '2024-04-08 01:42:25.686745'),
       (70, 70, 'Институт Профессионального Обучения', 'Управление проектами', 183787, '2023-02-25', '2023-05-01', '2024-01-10 01:42:25.686761', '2025-01-08 01:42:25.686761');


INSERT INTO public.vacations (id, user_id, date_begin, date_end, created_at, updated_at)
VALUES (1, 1, '2023-02-16', '2023-02-27', '2024-01-10 11:38:47.453342', '2024-03-21 11:38:47.453342'),
       (2, 2, '2023-06-22', '2023-07-10', '2024-01-10 11:38:47.453362', '2024-05-18 11:38:47.453362'),
       (3, 3, '2023-02-10', '2023-02-22', '2024-01-10 11:38:47.453377', '2024-07-12 11:38:47.453377'),
       (4, 4, '2023-03-04', '2023-03-13', '2024-01-10 11:38:47.453391', '2024-05-10 11:38:47.453391'),
       (5, 5, '2023-01-24', '2023-02-15', '2024-01-10 11:38:47.453406', '2024-10-10 11:38:47.453406'),
       (6, 6, '2023-05-11', '2023-05-25', '2024-01-10 11:38:47.453421', '2024-12-25 11:38:47.453421'),
       (7, 7, '2023-08-19', '2023-08-24', '2024-01-10 11:38:47.453436', '2024-02-10 11:38:47.453436'),
       (8, 8, '2023-04-07', '2023-04-14', '2024-01-10 11:38:47.453450', '2024-12-18 11:38:47.453450'),
       (9, 9, '2023-05-28', '2023-06-20', '2024-01-10 11:38:47.453465', '2024-01-31 11:38:47.453465'),
       (10, 10, '2023-03-09', '2023-03-25', '2024-01-10 11:38:47.453479', '2024-01-11 11:38:47.453479'),
       (11, 11, '2023-09-27', '2023-10-18', '2024-01-10 11:38:47.453494', '2024-11-04 11:38:47.453494'),
       (12, 12, '2023-12-06', '2023-12-13', '2024-01-10 11:38:47.453508', '2024-08-02 11:38:47.453508'),
       (13, 13, '2023-04-05', '2023-04-28', '2024-01-10 11:38:47.453523', '2024-09-27 11:38:47.453523'),
       (14, 14, '2023-11-01', '2023-11-21', '2024-01-10 11:38:47.453538', '2024-09-23 11:38:47.453538'),
       (15, 15, '2023-12-14', '2023-12-22', '2024-01-10 11:38:47.453553', '2024-05-08 11:38:47.453553'),
       (16, 16, '2023-04-30', '2023-05-08', '2024-01-10 11:38:47.453568', '2024-04-04 11:38:47.453568'),
       (17, 17, '2023-09-02', '2023-10-01', '2024-01-10 11:38:47.453583', '2024-03-21 11:38:47.453583'),
       (18, 18, '2023-05-16', '2023-05-29', '2024-01-10 11:38:47.453598', '2024-03-09 11:38:47.453598'),
       (19, 19, '2023-03-27', '2023-04-26', '2024-01-10 11:38:47.453612', '2024-06-08 11:38:47.453612'),
       (20, 20, '2023-04-30', '2023-05-22', '2024-01-10 11:38:47.453627', '2024-02-17 11:38:47.453627'),
       (21, 21, '2023-06-15', '2023-06-29', '2024-01-10 11:38:47.453641', '2024-04-30 11:38:47.453641'),
       (22, 22, '2023-06-30', '2023-07-30', '2024-01-10 11:38:47.453656', '2024-05-06 11:38:47.453656'),
       (23, 23, '2023-04-21', '2023-05-13', '2024-01-10 11:38:47.453670', '2024-03-04 11:38:47.453670'),
       (24, 24, '2023-10-06', '2023-10-31', '2024-01-10 11:38:47.453685', '2024-10-19 11:38:47.453685'),
       (25, 25, '2023-10-20', '2023-10-30', '2024-01-10 11:38:47.453699', '2024-05-02 11:38:47.453699'),
       (26, 26, '2023-09-27', '2023-10-18', '2024-01-10 11:38:47.453494', '2024-11-04 11:38:47.453494'),
       (27, 27, '2023-12-06', '2023-12-13', '2024-01-10 11:38:47.453508', '2024-08-02 11:38:47.453508'),
       (28, 28, '2023-04-05', '2023-04-28', '2024-01-10 11:38:47.453523', '2024-09-27 11:38:47.453523'),
       (29, 29, '2023-10-06', '2023-10-31', '2024-01-10 11:38:47.453685', '2024-10-19 11:38:47.453685'),
       (30, 30, '2023-10-20', '2023-10-30', '2024-01-10 11:38:47.453699', '2024-05-02 11:38:47.453699'),
       (31, 31, '2023-02-16', '2023-02-27', '2024-01-10 11:38:47.453342', '2024-03-21 11:38:47.453342'),
       (32, 32, '2023-06-22', '2023-07-10', '2024-01-10 11:38:47.453362', '2024-05-18 11:38:47.453362'),
       (33, 33, '2023-02-10', '2023-02-22', '2024-01-10 11:38:47.453377', '2024-07-12 11:38:47.453377'),
       (34, 34, '2023-04-05', '2023-04-28', '2024-01-10 11:38:47.453523', '2024-09-27 11:38:47.453523'),
       (35, 35, '2023-11-01', '2023-11-21', '2024-01-10 11:38:47.453538', '2024-09-23 11:38:47.453538'),
       (36, 36, '2023-05-11', '2023-05-25', '2024-01-10 11:38:47.453421', '2024-12-25 11:38:47.453421'),
       (37, 37, '2023-08-19', '2023-08-24', '2024-01-10 11:38:47.453436', '2024-02-10 11:38:47.453436'),
       (38, 38, '2023-04-07', '2023-04-14', '2024-01-10 11:38:47.453450', '2024-12-18 11:38:47.453450'),
       (39, 39, '2023-05-28', '2023-06-20', '2024-01-10 11:38:47.453465', '2024-01-31 11:38:47.453465'),
       (40, 40, '2023-04-30', '2023-05-22', '2024-01-10 11:38:47.453627', '2024-02-17 11:38:47.453627'),
       (41, 41, '2023-02-16', '2023-02-27', '2024-01-10 11:38:47.453342', '2024-03-21 11:38:47.453342'),
       (42, 42, '2023-06-22', '2023-07-10', '2024-01-10 11:38:47.453362', '2024-05-18 11:38:47.453362'),
       (43, 43, '2023-02-10', '2023-02-22', '2024-01-10 11:38:47.453377', '2024-07-12 11:38:47.453377'),
       (44, 44, '2023-03-04', '2023-03-13', '2024-01-10 11:38:47.453391', '2024-05-10 11:38:47.453391'),
       (45, 45, '2023-01-24', '2023-02-15', '2024-01-10 11:38:47.453406', '2024-10-10 11:38:47.453406'),
       (46, 46, '2023-05-11', '2023-05-25', '2024-01-10 11:38:47.453421', '2024-12-25 11:38:47.453421'),
       (47, 47, '2023-09-02', '2023-10-01', '2024-01-10 11:38:47.453583', '2024-03-21 11:38:47.453583'),
       (48, 48, '2023-05-16', '2023-05-29', '2024-01-10 11:38:47.453598', '2024-03-09 11:38:47.453598'),
       (49, 49, '2023-03-27', '2023-04-26', '2024-01-10 11:38:47.453612', '2024-06-08 11:38:47.453612'),
       (50, 50, '2023-04-30', '2023-05-22', '2024-01-10 11:38:47.453627', '2024-02-17 11:38:47.453627'),
       (51, 51, '2023-02-16', '2023-02-27', '2024-01-10 11:38:47.453342', '2024-03-21 11:38:47.453342'),
       (52, 52, '2023-06-30', '2023-07-30', '2024-01-10 11:38:47.453656', '2024-05-06 11:38:47.453656'),
       (53, 53, '2023-04-05', '2023-04-28', '2024-01-10 11:38:47.453523', '2024-09-27 11:38:47.453523'),
       (54, 54, '2023-11-01', '2023-11-21', '2024-01-10 11:38:47.453538', '2024-09-23 11:38:47.453538'),
       (55, 55, '2023-12-14', '2023-12-22', '2024-01-10 11:38:47.453553', '2024-05-08 11:38:47.453553'),
       (56, 56, '2023-05-11', '2023-05-25', '2024-01-10 11:38:47.453421', '2024-12-25 11:38:47.453421'),
       (57, 57, '2023-08-19', '2023-08-24', '2024-01-10 11:38:47.453436', '2024-02-10 11:38:47.453436'),
       (58, 58, '2023-04-07', '2023-04-14', '2024-01-10 11:38:47.453450', '2024-12-18 11:38:47.453450'),
       (59, 59, '2023-05-28', '2023-06-20', '2024-01-10 11:38:47.453465', '2024-01-31 11:38:47.453465'),
       (60, 60, '2023-03-09', '2023-03-25', '2024-01-10 11:38:47.453479', '2024-01-11 11:38:47.453479'),
       (61, 61, '2023-09-27', '2023-10-18', '2024-01-10 11:38:47.453494', '2024-11-04 11:38:47.453494'),
       (62, 62, '2023-12-06', '2023-12-13', '2024-01-10 11:38:47.453508', '2024-08-02 11:38:47.453508'),
       (63, 63, '2023-04-05', '2023-04-28', '2024-01-10 11:38:47.453523', '2024-09-27 11:38:47.453523'),
       (64, 64, '2023-11-01', '2023-11-21', '2024-01-10 11:38:47.453538', '2024-09-23 11:38:47.453538'),
       (65, 65, '2023-10-20', '2023-10-30', '2024-01-10 11:38:47.453699', '2024-05-02 11:38:47.453699'),
       (66, 66, '2023-09-27', '2023-10-18', '2024-01-10 11:38:47.453494', '2024-11-04 11:38:47.453494'),
       (67, 67, '2023-12-06', '2023-12-13', '2024-01-10 11:38:47.453508', '2024-08-02 11:38:47.453508'),
       (68, 68, '2023-04-05', '2023-04-28', '2024-01-10 11:38:47.453523', '2024-09-27 11:38:47.453523'),
       (69, 69, '2023-10-06', '2023-10-31', '2024-01-10 11:38:47.453685', '2024-10-19 11:38:47.453685'),
       (70, 70, '2023-10-20', '2023-10-30', '2024-01-10 11:38:47.453699', '2024-05-02 11:38:47.453699');


INSERT INTO public.benefits (id, title, cost, created_at, updated_at)
VALUES (1, 'Медицинская страховка', 5597, '2024-01-10 12:03:20.707808', '2024-12-07 12:03:20.707808'),
       (2, 'Оплачиваемый отпуск', 9757, '2024-01-10 12:03:20.707820', '2024-06-25 12:03:20.707820'),
       (3, 'Абонемент в спортзал', 1373, '2024-01-10 12:03:20.707826', '2024-04-09 12:03:20.707826'),
       (4, 'Компенсация за путешествия', 6131, '2024-01-10 12:03:20.707844', '2024-07-23 12:03:20.707844'),
       (5, 'Возможность работы из дома', 4859, '2024-01-10 12:03:20.707849', '2024-10-18 12:03:20.707849'),
       (6, 'Обучение и курсы', 4224, '2024-01-10 12:03:20.707855', '2024-08-29 12:03:20.707855'),
       (7, 'Корпоративные мероприятия', 8153, '2024-01-10 12:03:20.707860', '2025-01-01 12:03:20.707860'),
       (8, 'Дополнительные выходные', 7419, '2024-01-10 12:03:20.707865', '2024-10-16 12:03:20.707865'),
       (9, 'Корпоративный транспорт', 8105, '2024-01-10 12:03:20.707870', '2024-10-22 12:03:20.707870'),
       (10, 'Льготы на питание', 3055, '2024-01-10 12:03:20.707875', '2024-10-15 12:03:20.707875'),
       (11, 'Стипендия для обучения', 8995, '2024-01-10 12:03:20.707881', '2024-03-21 12:03:20.707881'),
       (12, 'Корпоративный фитнес', 9898, '2024-01-10 12:03:20.707887', '2024-10-25 12:03:20.707887'),
       (13, 'Бесплатный обед', 6225, '2024-01-10 12:03:20.707893', '2024-05-15 12:03:20.707893'),
       (14, 'Страхование жизни', 3018, '2024-01-10 12:03:20.707899', '2024-07-02 12:03:20.707899'),
       (15, 'Пенсионный план', 4719, '2024-01-10 12:03:20.707905', '2024-05-09 12:03:20.707905'),
       (16, 'Мобильная связь', 2441, '2024-01-10 12:03:20.707911', '2024-03-09 12:03:20.707911'),
       (17, 'Оплата проезда', 2168, '2024-01-10 12:03:20.707917', '2025-01-08 12:03:20.707917'),
       (18, 'Курсы иностранных языков', 2603, '2024-01-10 12:03:20.707923', '2024-05-24 12:03:20.707923'),
       (19, 'Корпоративная библиотека', 7416, '2024-01-10 12:03:20.707929', '2024-11-28 12:03:20.707929'),
       (20, 'Детский сад', 8624, '2024-01-10 12:03:20.707935', '2024-03-30 12:03:20.707935'),
       (21, 'Льготы для семьи', 9844, '2024-01-10 12:03:20.707941', '2024-07-31 12:03:20.707941'),
       (22, 'Субсидии на жилье', 8538, '2024-01-10 12:03:20.707947', '2024-05-09 12:03:20.707947'),
       (23, 'Страховка от несчастных случаев', 6527, '2024-01-10 12:03:20.707953', '2024-04-07 12:03:20.707953'),
       (24, 'Курс по саморазвитию', 7456, '2024-01-10 12:03:20.707959', '2024-03-03 12:03:20.707959'),
       (25, 'Стипендия для детей сотрудников', 5978, '2024-01-10 12:03:20.707965', '2024-07-07 12:03:20.707965'),
       (26, 'Корпоративный транспорт', 8105, '2024-01-10 12:03:20.707870', '2024-10-22 12:03:20.707870'),
       (27, 'Корпоративные мероприятия', 8153, '2024-01-10 12:03:20.707860', '2025-01-01 12:03:20.707860'),
       (28, 'Дополнительные выходные', 7419, '2024-01-10 12:03:20.707865', '2024-10-16 12:03:20.707865'),
       (29, 'Корпоративный транспорт', 8105, '2024-01-10 12:03:20.707870', '2024-10-22 12:03:20.707870'),
       (30, 'Льготы на питание', 3055, '2024-01-10 12:03:20.707875', '2024-10-15 12:03:20.707875'),
       (31, 'Стипендия для обучения', 8995, '2024-01-10 12:03:20.707881', '2024-03-21 12:03:20.707881'),
       (32, 'Корпоративный фитнес', 9898, '2024-01-10 12:03:20.707887', '2024-10-25 12:03:20.707887'),
       (33, 'Бесплатный обед', 6225, '2024-01-10 12:03:20.707893', '2024-05-15 12:03:20.707893'),
       (34, 'Компенсация за путешествия', 6131, '2024-01-10 12:03:20.707844', '2024-07-23 12:03:20.707844'),
       (35, 'Возможность работы из дома', 4859, '2024-01-10 12:03:20.707849', '2024-10-18 12:03:20.707849'),
       (36, 'Обучение и курсы', 4224, '2024-01-10 12:03:20.707855', '2024-08-29 12:03:20.707855'),
       (37, 'Оплата проезда', 2168, '2024-01-10 12:03:20.707917', '2025-01-08 12:03:20.707917'),
       (38, 'Корпоративный фитнес', 9898, '2024-01-10 12:03:20.707887', '2024-10-25 12:03:20.707887'),
       (39, 'Бесплатный обед', 6225, '2024-01-10 12:03:20.707893', '2024-05-15 12:03:20.707893'),
       (40, 'Страхование жизни', 3018, '2024-01-10 12:03:20.707899', '2024-07-02 12:03:20.707899'),
       (41, 'Льготы для семьи', 9844, '2024-01-10 12:03:20.707941', '2024-07-31 12:03:20.707941'),
       (42, 'Субсидии на жилье', 8538, '2024-01-10 12:03:20.707947', '2024-05-09 12:03:20.707947'),
       (43, 'Страхование жизни', 3018, '2024-01-10 12:03:20.707899', '2024-07-02 12:03:20.707899'),
       (44, 'Пенсионный план', 4719, '2024-01-10 12:03:20.707905', '2024-05-09 12:03:20.707905'),
       (45, 'Мобильная связь', 2441, '2024-01-10 12:03:20.707911', '2024-03-09 12:03:20.707911'),
       (46, 'Оплата проезда', 2168, '2024-01-10 12:03:20.707917', '2025-01-08 12:03:20.707917'),
       (47, 'Курсы иностранных языков', 2603, '2024-01-10 12:03:20.707923', '2024-05-24 12:03:20.707923'),
       (48, 'Корпоративная библиотека', 7416, '2024-01-10 12:03:20.707929', '2024-11-28 12:03:20.707929'),
       (49, 'Детский сад', 8624, '2024-01-10 12:03:20.707935', '2024-03-30 12:03:20.707935'),
       (50, 'Медицинская страховка', 5597, '2024-01-10 12:03:20.707808', '2024-12-07 12:03:20.707808'),
       (51, 'Оплачиваемый отпуск', 9757, '2024-01-10 12:03:20.707820', '2024-06-25 12:03:20.707820'),
       (52, 'Абонемент в спортзал', 1373, '2024-01-10 12:03:20.707826', '2024-04-09 12:03:20.707826'),
       (53, 'Компенсация за путешествия', 6131, '2024-01-10 12:03:20.707844', '2024-07-23 12:03:20.707844'),
       (54, 'Возможность работы из дома', 4859, '2024-01-10 12:03:20.707849', '2024-10-18 12:03:20.707849'),
       (55, 'Обучение и курсы', 4224, '2024-01-10 12:03:20.707855', '2024-08-29 12:03:20.707855'),
       (56, 'Льготы на питание', 3055, '2024-01-10 12:03:20.707875', '2024-10-15 12:03:20.707875'),
       (57, 'Стипендия для обучения', 8995, '2024-01-10 12:03:20.707881', '2024-03-21 12:03:20.707881'),
       (58, 'Корпоративный фитнес', 9898, '2024-01-10 12:03:20.707887', '2024-10-25 12:03:20.707887'),
       (59, 'Бесплатный обед', 6225, '2024-01-10 12:03:20.707893', '2024-05-15 12:03:20.707893'),
       (60, 'Детский сад', 8624, '2024-01-10 12:03:20.707935', '2024-03-30 12:03:20.707935'),
       (61, 'Льготы для семьи', 9844, '2024-01-10 12:03:20.707941', '2024-07-31 12:03:20.707941'),
       (62, 'Корпоративный фитнес', 9898, '2024-01-10 12:03:20.707887', '2024-10-25 12:03:20.707887'),
       (63, 'Бесплатный обед', 6225, '2024-01-10 12:03:20.707893', '2024-05-15 12:03:20.707893'),
       (64, 'Страхование жизни', 3018, '2024-01-10 12:03:20.707899', '2024-07-02 12:03:20.707899'),
       (65, 'Возможность работы из дома', 4859, '2024-01-10 12:03:20.707849', '2024-10-18 12:03:20.707849'),
       (66, 'Обучение и курсы', 4224, '2024-01-10 12:03:20.707855', '2024-08-29 12:03:20.707855'),
       (67, 'Корпоративные мероприятия', 8153, '2024-01-10 12:03:20.707860', '2025-01-01 12:03:20.707860'),
       (68, 'Дополнительные выходные', 7419, '2024-01-10 12:03:20.707865', '2024-10-16 12:03:20.707865'),
       (69, 'Корпоративный транспорт', 8105, '2024-01-10 12:03:20.707870', '2024-10-22 12:03:20.707870'),
       (70, 'Пенсионный план', 4719, '2024-01-10 12:03:20.707905', '2024-05-09 12:03:20.707905');

INSERT INTO public.benefit_uses (id, user_id, benefit_id, date_begin, date_end, created_at, updated_at)
VALUES (1, 1, 1, '2023-05-22', '2023-05-29', '2024-01-10 12:11:37.013942', '2024-11-18 12:11:37.013942'),
       (2, 2, 2, '2023-11-11', '2023-12-09', '2024-01-10 12:11:37.013960', '2024-03-29 12:11:37.013960'),
       (3, 3, 3, '2023-05-02', '2023-05-30', '2024-01-10 12:11:37.013974', '2024-07-23 12:11:37.013974'),
       (4, 4, 4, '2023-02-05', '2023-02-27', '2024-01-10 12:11:37.013988', '2024-08-03 12:11:37.013988'),
       (5, 5, 5, '2023-02-15', '2023-03-01', '2024-01-10 12:11:37.014001', '2024-07-09 12:11:37.014001'),
       (6, 6, 6, '2023-01-11', '2023-01-19', '2024-01-10 12:11:37.014014', '2024-12-10 12:11:37.014014'),
       (7, 7, 7, '2023-03-08', '2023-03-31', '2024-01-10 12:11:37.014027', '2024-05-18 12:11:37.014027'),
       (8, 8, 8, '2023-06-09', '2023-07-07', '2024-01-10 12:11:37.014040', '2024-03-18 12:11:37.014040'),
       (9, 9, 9, '2023-10-14', '2023-11-12', '2024-01-10 12:11:37.014051', '2024-07-08 12:11:37.014051'),
       (10, 10, 10, '2023-06-23', '2023-07-21', '2024-01-10 12:11:37.014063', '2024-11-28 12:11:37.014063'),
       (11, 11, 11, '2023-12-10', '2023-12-30', '2024-01-10 12:11:37.014075', '2024-04-24 12:11:37.014075'),
       (12, 12, 12, '2023-04-13', '2023-05-02', '2024-01-10 12:11:37.014087', '2024-10-13 12:11:37.014087'),
       (13, 13, 13, '2023-08-11', '2023-08-28', '2024-01-10 12:11:37.014099', '2024-09-15 12:11:37.014099'),
       (14, 14, 14, '2023-02-25', '2023-03-22', '2024-01-10 12:11:37.014111', '2024-07-19 12:11:37.014111'),
       (15, 15, 15, '2023-10-31', '2023-11-19', '2024-01-10 12:11:37.014123', '2024-06-03 12:11:37.014123'),
       (16, 16, 16, '2023-07-29', '2023-08-16', '2024-01-10 12:11:37.014138', '2024-02-19 12:11:37.014138'),
       (17, 17, 17, '2023-06-27', '2023-07-25', '2024-01-10 12:11:37.014150', '2024-02-23 12:11:37.014150'),
       (18, 18, 18, '2023-08-05', '2023-08-23', '2024-01-10 12:11:37.014162', '2024-02-05 12:11:37.014162'),
       (19, 19, 19, '2023-06-12', '2023-07-11', '2024-01-10 12:11:37.014174', '2024-05-12 12:11:37.014174'),
       (20, 20, 20, '2023-04-27', '2023-05-27', '2024-01-10 12:11:37.014186', '2024-03-14 12:11:37.014186'),
       (21, 21, 21, '2023-02-13', '2023-03-09', '2024-01-10 12:11:37.014199', '2024-11-10 12:11:37.014199'),
       (22, 22, 22, '2023-12-22', '2024-01-13', '2024-01-10 12:11:37.014211', '2024-05-27 12:11:37.014211'),
       (23, 23, 23, '2023-08-08', '2023-08-26', '2024-01-10 12:11:37.014223', '2024-07-29 12:11:37.014223'),
       (24, 24, 24, '2023-11-12', '2023-11-25', '2024-01-10 12:11:37.014235', '2025-01-01 12:11:37.014235'),
       (25, 25, 25, '2023-05-17', '2023-06-02', '2024-01-10 12:11:37.014247', '2024-05-10 12:11:37.014247'),
       (26, 26, 26, '2023-06-23', '2023-07-21', '2024-01-10 12:11:37.014063', '2024-11-28 12:11:37.014063'),
       (27, 27, 27, '2023-10-31', '2023-11-19', '2024-01-10 12:11:37.014123', '2024-06-03 12:11:37.014123'),
       (28, 28, 28, '2023-07-29', '2023-08-16', '2024-01-10 12:11:37.014138', '2024-02-19 12:11:37.014138'),
       (29, 29, 29, '2023-06-27', '2023-07-25', '2024-01-10 12:11:37.014150', '2024-02-23 12:11:37.014150'),
       (30, 30, 30, '2023-08-05', '2023-08-23', '2024-01-10 12:11:37.014162', '2024-02-05 12:11:37.014162'),
       (31, 31, 31, '2023-06-12', '2023-07-11', '2024-01-10 12:11:37.014174', '2024-05-12 12:11:37.014174'),
       (32, 32, 32, '2023-11-11', '2023-12-09', '2024-01-10 12:11:37.013960', '2024-03-29 12:11:37.013960'),
       (33, 33, 33, '2023-05-02', '2023-05-30', '2024-01-10 12:11:37.013974', '2024-07-23 12:11:37.013974'),
       (34, 34, 34, '2023-02-05', '2023-02-27', '2024-01-10 12:11:37.013988', '2024-08-03 12:11:37.013988'),
       (35, 35, 35, '2023-02-15', '2023-03-01', '2024-01-10 12:11:37.014001', '2024-07-09 12:11:37.014001'),
       (36, 36, 36, '2023-12-10', '2023-12-30', '2024-01-10 12:11:37.014075', '2024-04-24 12:11:37.014075'),
       (37, 37, 37, '2023-04-13', '2023-05-02', '2024-01-10 12:11:37.014087', '2024-10-13 12:11:37.014087'),
       (38, 38, 38, '2023-06-09', '2023-07-07', '2024-01-10 12:11:37.014040', '2024-03-18 12:11:37.014040'),
       (39, 39, 39, '2023-10-14', '2023-11-12', '2024-01-10 12:11:37.014051', '2024-07-08 12:11:37.014051'),
       (40, 40, 40, '2023-04-27', '2023-05-27', '2024-01-10 12:11:37.014186', '2024-03-14 12:11:37.014186'),
       (42, 42, 42, '2023-02-13', '2023-03-09', '2024-01-10 12:11:37.014199', '2024-11-10 12:11:37.014199'),
       (43, 43, 43, '2023-10-31', '2023-11-19', '2024-01-10 12:11:37.014123', '2024-06-03 12:11:37.014123'),
       (44, 44, 44, '2023-02-25', '2023-03-22', '2024-01-10 12:11:37.014111', '2024-07-19 12:11:37.014111'),
       (45, 45, 45, '2023-07-29', '2023-08-16', '2024-01-10 12:11:37.014138', '2024-02-19 12:11:37.014138'),
       (46, 46, 46, '2023-06-27', '2023-07-25', '2024-01-10 12:11:37.014150', '2024-02-23 12:11:37.014150'),
       (47, 47, 47, '2023-06-27', '2023-07-25', '2024-01-10 12:11:37.014150', '2024-02-23 12:11:37.014150'),
       (48, 48, 48, '2023-03-08', '2023-03-31', '2024-01-10 12:11:37.014027', '2024-05-18 12:11:37.014027'),
       (49, 49, 49, '2023-06-09', '2023-07-07', '2024-01-10 12:11:37.014040', '2024-03-18 12:11:37.014040'),
       (50, 50, 50, '2023-10-14', '2023-11-12', '2024-01-10 12:11:37.014051', '2024-07-08 12:11:37.014051'),
       (51, 51, 51, '2023-04-27', '2023-05-27', '2024-01-10 12:11:37.014186', '2024-03-14 12:11:37.014186'),
       (52, 52, 52, '2023-11-11', '2023-12-09', '2024-01-10 12:11:37.013960', '2024-03-29 12:11:37.013960'),
       (53, 53, 53, '2023-05-02', '2023-05-30', '2024-01-10 12:11:37.013974', '2024-07-23 12:11:37.013974'),
       (54, 54, 54, '2023-11-12', '2023-11-25', '2024-01-10 12:11:37.014235', '2025-01-01 12:11:37.014235'),
       (55, 55, 55, '2023-05-17', '2023-06-02', '2024-01-10 12:11:37.014247', '2024-05-10 12:11:37.014247'),
       (56, 56, 56, '2023-01-11', '2023-01-19', '2024-01-10 12:11:37.014014', '2024-12-10 12:11:37.014014'),
       (57, 57, 57, '2023-03-08', '2023-03-31', '2024-01-10 12:11:37.014027', '2024-05-18 12:11:37.014027'),
       (58, 58, 58, '2023-06-09', '2023-07-07', '2024-01-10 12:11:37.014040', '2024-03-18 12:11:37.014040'),
       (59, 59, 59, '2023-06-12', '2023-07-11', '2024-01-10 12:11:37.014174', '2024-05-12 12:11:37.014174'),
       (60, 60, 60, '2023-04-27', '2023-05-27', '2024-01-10 12:11:37.014186', '2024-03-14 12:11:37.014186'),
       (61, 61, 61, '2023-02-13', '2023-03-09', '2024-01-10 12:11:37.014199', '2024-11-10 12:11:37.014199'),
       (62, 62, 62, '2023-12-22', '2024-01-13', '2024-01-10 12:11:37.014211', '2024-05-27 12:11:37.014211'),
       (63, 63, 63, '2023-05-02', '2023-05-30', '2024-01-10 12:11:37.013974', '2024-07-23 12:11:37.013974'),
       (64, 64, 64, '2023-02-05', '2023-02-27', '2024-01-10 12:11:37.013988', '2024-08-03 12:11:37.013988'),
       (65, 65, 65, '2023-02-15', '2023-03-01', '2024-01-10 12:11:37.014001', '2024-07-09 12:11:37.014001'),
       (66, 66, 66, '2023-12-10', '2023-12-30', '2024-01-10 12:11:37.014075', '2024-04-24 12:11:37.014075'),
       (67, 67, 67, '2023-04-13', '2023-05-02', '2024-01-10 12:11:37.014087', '2024-10-13 12:11:37.014087'),
       (68, 68, 68, '2023-06-09', '2023-07-07', '2024-01-10 12:11:37.014040', '2024-03-18 12:11:37.014040'),
       (69, 69, 69, '2023-10-14', '2023-11-12', '2024-01-10 12:11:37.014051', '2024-07-08 12:11:37.014051'),
       (70, 70, 70, '2023-04-27', '2023-05-27', '2024-01-10 12:11:37.014186', '2024-03-14 12:11:37.014186');

INSERT INTO public.work_types (id, title, description, created_at, updated_at)
VALUES (1, 'Администратор системы', 'Ответственен за обеспечение работы и безопасности информационных систем.', '2022-01-11 12:26:13.845188', '2024-01-10 12:26:13.845188'),
       (2, 'Специалист по управлению персоналом', 'Отвечает за подбор, обучение и развитие персонала.', '2023-07-10 12:26:13.845188', '2024-01-10 12:26:13.845188'),
       (3, 'Рекрутер', 'Занимается поиском и подбором кандидатов на открытые вакансии.', '2023-02-10 12:26:13.845188', '2024-01-10 12:26:13.845188'),
       (4, 'Офисный сотрудник', 'Выполняет ежедневные офисные и административные задачи.', '2023-01-10 12:26:13.845188', '2024-01-10 12:26:13.845188'),
       (5, 'Бухгалтер', 'Ведение финансовой отчетности и бухгалтерского учета.', '2024-01-10 12:32:02.194567', '2024-01-10 12:32:02.194567'),
       (6, 'IT-специалист', 'Обслуживание и поддержка информационных технологий.', '2024-01-10 12:32:02.194567', '2024-01-10 12:32:02.194567'),
       (7, 'Менеджер по продажам', 'Продажа продуктов и услуг, взаимодействие с клиентами.', '2024-01-10 12:32:02.194567', '2024-01-10 12:32:02.194567'),
       (8, 'Специалист по логистике', 'Организация и управление цепочками поставок.', '2024-01-10 12:32:02.194567', '2024-01-10 12:32:02.194567'),
       (9, 'Юрист', 'Предоставление юридических услуг и консультаций.', '2024-01-10 12:32:02.194567', '2024-01-10 12:32:02.194567'),
       (10, 'Медицинский работник', 'Оказание медицинских услуг и ухода.', '2024-01-10 12:32:02.194567', '2024-01-10 12:32:02.194567'),
       (11, 'Исследователь', 'Проведение научных исследований и экспериментов.', '2024-01-10 12:32:02.194567', '2024-01-10 12:32:02.194567'),
       (12, 'Инструктор по фитнесу', 'Проведение тренировок и консультации по фитнесу.', '2024-01-10 12:32:02.194567', '2024-01-10 12:32:02.194567'),
       (13, 'Психолог', 'Психологическая помощь и консультации.', '2024-01-10 12:32:02.194567', '2024-01-10 12:32:02.194567'),
       (14, 'Разработчик игр', 'Создание и разработка компьютерных игр.', '2024-01-10 12:32:02.194567', '2024-01-10 12:32:02.194567'),
       (15, 'Автомеханик', 'Ремонт и обслуживание автомобилей.', '2024-01-10 12:32:02.194567', '2024-01-10 12:32:02.194567'),
       (16, 'Повар', 'Приготовление блюд в ресторанах и кафе.', '2024-01-10 12:32:02.194567', '2024-01-10 12:32:02.194567'),
       (17, 'Садовник', 'Уход за растениями и обслуживание зеленых зон.', '2024-01-10 12:32:02.194567', '2024-01-10 12:32:02.194567'),
       (18, 'Строитель', 'Строительство и ремонт зданий.', '2024-01-10 12:32:02.194567', '2024-01-10 12:32:02.194567'),
       (19, 'Сценарист', 'Написание сценариев для фильмов и телешоу.', '2024-01-10 12:32:02.194567', '2024-01-10 12:32:02.194567'),
       (20, 'Веб-дизайнер', 'Создание дизайна веб-сайтов.', '2024-01-10 12:32:02.194567', '2024-01-10 12:32:02.194567'),
       (21, 'Копирайтер', 'Написание текстов и рекламных материалов.', '2024-01-10 12:32:02.194567', '2024-01-10 12:32:02.194567'),
       (22, 'Переводчик', 'Перевод текстов и устная интерпретация.', '2024-01-10 12:32:02.194567', '2024-01-10 12:32:02.194567'),
       (23, 'Фотограф', 'Фотосъемка и обработка фотографий.', '2024-01-10 12:32:02.194567', '2024-01-10 12:32:02.194567'),
       (24, 'Гид', 'Проведение экскурсий и образовательных мероприятий.', '2024-01-10 12:32:02.194567', '2024-01-10 12:32:02.194567'),
       (25, 'Оператор колл-центра', 'Обработка звонков и консультации клиентов.', '2024-01-10 12:32:02.194567', '2024-01-10 12:32:02.194567');


INSERT INTO public.contracts (id, user_id, number, contract_type, work_type_id, probation_period, date_begin, date_end, created_at, updated_at)
VALUES (1, 1, 'CT-4579-567', 'Срочный', 1, 6, '2023-11-02', '2024-11-25', '2024-01-10 12:45:56.539706', '2024-03-27 12:45:56.539706'),
       (2, 2, 'CT-1823-194', 'Бессрочный', 2, NULL, '2023-05-12', NULL, '2024-01-10 12:45:56.539729', '2024-04-02 12:45:56.539729'),
       (3, 3, 'CT-8883-354', 'Бессрочный', 3, 3, '2023-12-31', NULL, '2024-01-10 12:45:56.539746', '2024-03-28 12:45:56.539746'),
       (4, 4, 'CT-5637-451', 'Бессрочный', 4, 12, '2023-05-13', NULL, '2024-01-10 12:45:56.539763', '2024-03-15 12:45:56.539763'),
       (5, 5, 'CT-3287-328', 'Срочный', 5, 6, '2023-12-31', '2025-02-13', '2024-01-10 12:45:56.539782', '2024-11-10 12:45:56.539782'),
       (6, 6, 'CT-3393-108', 'Срочный', 6, 12, '2023-07-27', '2025-06-18', '2024-01-10 12:45:56.539804', '2024-09-26 12:45:56.539804'),
       (7, 7, 'CT-7239-222', 'Срочный', 7, 6, '2023-08-18', '2024-03-09', '2024-01-10 12:45:56.539823', '2024-04-19 12:45:56.539823'),
       (8, 8, 'CT-4741-317', 'Срочный', 8, 3, '2023-11-17', '2024-11-05', '2024-01-10 12:45:56.539843', '2024-12-12 12:45:56.539843'),
       (9, 9, 'CT-9578-274', 'Срочный', 9, NULL, '2023-06-01', '2024-05-21', '2024-01-10 12:45:56.539864', '2024-12-21 12:45:56.539864'),
       (10, 10, 'CT-1872-543', 'Бессрочный', 10, NULL, '2023-12-11', NULL, '2024-01-10 12:45:56.539884', '2024-08-10 12:45:56.539884'),
       (11, 11, 'CT-3132-735', 'Срочный', 11, NULL, '2023-02-27', '2024-08-07', '2024-01-10 12:45:56.539906', '2024-09-10 12:45:56.539906'),
       (12, 12, 'CT-2644-998', 'Срочный', 12, 6, '2023-03-21', '2024-09-13', '2024-01-10 12:45:56.539925', '2024-07-07 12:45:56.539925'),
       (13, 13, 'CT-6732-412', 'Бессрочный', 13, 12, '2023-05-10', NULL, '2024-01-10 12:45:56.539946', '2024-11-27 12:45:56.539946'),
       (14, 14, 'CT-8124-827', 'Срочный', 14, 3, '2023-06-30', '2025-01-24', '2024-01-10 12:45:56.539967', '2024-12-04 12:45:56.539967'),
       (15, 15, 'CT-4365-718', 'Бессрочный', 15, NULL, '2023-04-07', NULL, '2024-01-10 12:45:56.539986', '2024-09-11 12:45:56.539986'),
       (16, 16, 'CT-9463-654', 'Срочный', 16, NULL, '2023-09-02', '2024-02-26', '2024-01-10 12:45:56.540005', '2024-04-26 12:45:56.540005'),
       (17, 17, 'CT-6385-786', 'Срочный', 17, NULL, '2023-01-14', '2024-06-28', '2024-01-10 12:45:56.540025', '2024-09-25 12:45:56.540025'),
       (18, 18, 'CT-9753-464', 'Срочный', 18, 6, '2023-10-16', '2024-04-11', '2024-01-10 12:45:56.540044', '2024-12-29 12:45:56.540044'),
       (19, 19, 'CT-3724-953', 'Бессрочный', 19, NULL, '2023-03-28', NULL, '2024-01-10 12:45:56.540063', '2024-06-23 12:45:56.540063'),
       (20, 20, 'CT-1847-377', 'Бессрочный', 20, 12, '2023-04-15', NULL, '2024-01-10 12:45:56.540081', '2024-05-30 12:45:56.540081'),
       (21, 21, 'CT-9264-239', 'Срочный', 21, 3, '2023-07-23', '2024-07-18', '2024-01-10 12:45:56.540099', '2024-11-20 12:45:56.540099'),
       (22, 22, 'CT-1934-577', 'Срочный', 22, NULL, '2023-02-15', '2024-08-09', '2024-01-10 12:45:56.540117', '2024-10-05 12:45:56.540117'),
       (23, 23, 'CT-2395-463', 'Бессрочный', 23, NULL, '2023-01-11', NULL, '2024-01-10 12:45:56.540135', '2024-09-27 12:45:56.540135'),
       (24, 24, 'CT-8252-512', 'Бессрочный', 24, NULL, '2023-09-15', NULL, '2024-01-10 12:45:56.540153', '2024-10-18 12:45:56.540153'),
       (25, 25, 'CT-6742-844', 'Бессрочный', 25, 6, '2023-08-29', NULL, '2024-01-10 12:45:56.540171', '2024-03-03 12:45:56.540171'),
       (26, 26, 'CT-9578-274', 'Срочный', 5, NULL, '2023-06-01', '2024-05-21', '2024-01-10 12:45:56.539864', '2024-12-21 12:45:56.539864'),
       (27, 27, 'CT-9463-654', 'Срочный', 23, NULL, '2023-09-02', '2024-02-26', '2024-01-10 12:45:56.540005', '2024-04-26 12:45:56.540005'),
       (28, 28, 'CT-6385-786', 'Срочный', 7, NULL, '2023-01-14', '2024-06-28', '2024-01-10 12:45:56.540025', '2024-09-25 12:45:56.540025'),
       (29, 29, 'CT-9753-464', 'Срочный', 18, 6, '2023-10-16', '2024-04-11', '2024-01-10 12:45:56.540044', '2024-12-29 12:45:56.540044'),
       (30, 30, 'CT-3724-953', 'Бессрочный', 9, NULL, '2023-03-28', NULL, '2024-01-10 12:45:56.540063', '2024-06-23 12:45:56.540063'),
       (31, 31, 'CT-1847-377', 'Бессрочный', 22, 12, '2023-04-15', NULL, '2024-01-10 12:45:56.540081', '2024-05-30 12:45:56.540081'),
       (32, 32, 'CT-9264-239', 'Срочный', 24, 3, '2023-07-23', '2024-07-18', '2024-01-10 12:45:56.540099', '2024-11-20 12:45:56.540099'),
       (33, 33, 'CT-8883-354', 'Бессрочный', 3, 3, '2023-12-31', NULL, '2024-01-10 12:45:56.539746', '2024-03-28 12:45:56.539746'),
       (34, 34, 'CT-5637-451', 'Бессрочный', 4, 12, '2023-05-13', NULL, '2024-01-10 12:45:56.539763', '2024-03-15 12:45:56.539763'),
       (35, 35, 'CT-3287-328', 'Срочный', 15, 6, '2023-12-31', '2025-02-13', '2024-01-10 12:45:56.539782', '2024-11-10 12:45:56.539782'),
       (36, 36, 'CT-3393-108', 'Срочный', 16, 12, '2023-07-27', '2025-06-18', '2024-01-10 12:45:56.539804', '2024-09-26 12:45:56.539804'),
       (37, 37, 'CT-6385-786', 'Срочный', 17, NULL, '2023-01-14', '2024-06-28', '2024-01-10 12:45:56.540025', '2024-09-25 12:45:56.540025'),
       (38, 38, 'CT-9753-464', 'Срочный', 18, 6, '2023-10-16', '2024-04-11', '2024-01-10 12:45:56.540044', '2024-12-29 12:45:56.540044'),
       (39, 39, 'CT-3724-953', 'Бессрочный', 7, NULL, '2023-03-28', NULL, '2024-01-10 12:45:56.540063', '2024-06-23 12:45:56.540063'),
       (40, 40, 'CT-1823-194', 'Бессрочный', 13, NULL, '2023-05-12', NULL, '2024-01-10 12:45:56.539729', '2024-04-02 12:45:56.539729'),
       (41, 41, 'CT-4579-567', 'Срочный', 21, 6, '2023-11-02', '2024-11-25', '2024-01-10 12:45:56.539706', '2024-03-27 12:45:56.539706'),
       (42, 42, 'CT-1934-577', 'Срочный', 22, NULL, '2023-02-15', '2024-08-09', '2024-01-10 12:45:56.540117', '2024-10-05 12:45:56.540117'),
       (43, 43, 'CT-2395-463', 'Бессрочный', 14, NULL, '2023-01-11', NULL, '2024-01-10 12:45:56.540135', '2024-09-27 12:45:56.540135'),
       (44, 44, 'CT-8252-512', 'Бессрочный', 2, NULL, '2023-09-15', NULL, '2024-01-10 12:45:56.540153', '2024-10-18 12:45:56.540153'),
       (45, 45, 'CT-6742-844', 'Бессрочный', 7, 6, '2023-08-29', NULL, '2024-01-10 12:45:56.540171', '2024-03-03 12:45:56.540171'),
       (46, 46, 'CT-9463-654', 'Срочный', 16, NULL, '2023-09-02', '2024-02-26', '2024-01-10 12:45:56.540005', '2024-04-26 12:45:56.540005'),
       (47, 47, 'CT-6385-786', 'Срочный', 15, NULL, '2023-01-14', '2024-06-28', '2024-01-10 12:45:56.540025', '2024-09-25 12:45:56.540025'),
       (48, 48, 'CT-9753-464', 'Срочный', 18, 6, '2023-10-16', '2024-04-11', '2024-01-10 12:45:56.540044', '2024-12-29 12:45:56.540044'),
       (49, 49, 'CT-3724-953', 'Бессрочный', 6, NULL, '2023-03-28', NULL, '2024-01-10 12:45:56.540063', '2024-06-23 12:45:56.540063'),
       (50, 50, 'CT-1847-377', 'Бессрочный', 20, 12, '2023-04-15', NULL, '2024-01-10 12:45:56.540081', '2024-05-30 12:45:56.540081'),
       (51, 51, 'CT-1847-377', 'Бессрочный', 22, 12, '2023-04-15', NULL, '2024-01-10 12:45:56.540081', '2024-05-30 12:45:56.540081'),
       (52, 52, 'CT-9264-239', 'Срочный', 24, 3, '2023-07-23', '2024-07-18', '2024-01-10 12:45:56.540099', '2024-11-20 12:45:56.540099'),
       (53, 53, 'CT-8883-354', 'Бессрочный', 3, 3, '2023-12-31', NULL, '2024-01-10 12:45:56.539746', '2024-03-28 12:45:56.539746'),
       (54, 54, 'CT-5637-451', 'Бессрочный', 4, 12, '2023-05-13', NULL, '2024-01-10 12:45:56.539763', '2024-03-15 12:45:56.539763'),
       (55, 55, 'CT-3287-328', 'Срочный', 15, 6, '2023-12-31', '2025-02-13', '2024-01-10 12:45:56.539782', '2024-11-10 12:45:56.539782'),
       (56, 56, 'CT-9578-274', 'Срочный', 5, NULL, '2023-06-01', '2024-05-21', '2024-01-10 12:45:56.539864', '2024-12-21 12:45:56.539864'),
       (57, 57, 'CT-9463-654', 'Срочный', 23, NULL, '2023-09-02', '2024-02-26', '2024-01-10 12:45:56.540005', '2024-04-26 12:45:56.540005'),
       (58, 58, 'CT-6385-786', 'Срочный', 7, NULL, '2023-01-14', '2024-06-28', '2024-01-10 12:45:56.540025', '2024-09-25 12:45:56.540025'),
       (59, 59, 'CT-9753-464', 'Срочный', 18, 6, '2023-10-16', '2024-04-11', '2024-01-10 12:45:56.540044', '2024-12-29 12:45:56.540044'),
       (60, 60, 'CT-3724-953', 'Бессрочный', 9, NULL, '2023-03-28', NULL, '2024-01-10 12:45:56.540063', '2024-06-23 12:45:56.540063'),
       (61, 61, 'CT-1872-543', 'Бессрочный', 13, NULL, '2023-12-11', NULL, '2024-01-10 12:45:56.539884', '2024-08-10 12:45:56.539884'),
       (62, 62, 'CT-3132-735', 'Срочный', 14, NULL, '2023-02-27', '2024-08-07', '2024-01-10 12:45:56.539906', '2024-09-10 12:45:56.539906'),
       (63, 63, 'CT-6732-412', 'Бессрочный', 20, 12, '2023-05-10', NULL, '2024-01-10 12:45:56.539946', '2024-11-27 12:45:56.539946'),
       (64, 64, 'CT-8252-512', 'Бессрочный', 10, NULL, '2023-09-15', NULL, '2024-01-10 12:45:56.540153', '2024-10-18 12:45:56.540153'),
       (65, 65, 'CT-6742-844', 'Бессрочный', 4, 6, '2023-08-29', NULL, '2024-01-10 12:45:56.540171', '2024-03-03 12:45:56.540171'),
       (66, 66, 'CT-3393-108', 'Срочный', 16, 12, '2023-07-27', '2025-06-18', '2024-01-10 12:45:56.539804', '2024-09-26 12:45:56.539804'),
       (67, 67, 'CT-6385-786', 'Срочный', 10, NULL, '2023-01-14', '2024-06-28', '2024-01-10 12:45:56.540025', '2024-09-25 12:45:56.540025'),
       (68, 68, 'CT-9753-464', 'Срочный', 14, 6, '2023-10-16', '2024-04-11', '2024-01-10 12:45:56.540044', '2024-12-29 12:45:56.540044'),
       (69, 69, 'CT-9578-274', 'Срочный', 18, NULL, '2023-06-01', '2024-05-21', '2024-01-10 12:45:56.539864', '2024-12-21 12:45:56.539864'),
       (70, 70, 'CT-1872-543', 'Бессрочный', 22, NULL, '2023-12-11', NULL, '2024-01-10 12:45:56.539884', '2024-08-10 12:45:56.539884');

INSERT INTO public.finances (id, user_id, contract_id, salary, salary_rate, social_security_tax, income_tax, created_at, updated_at)
VALUES (1, 1, 1, 132179, 1.0347, 17183.27, 26435.80, '2024-01-10 12:59:17.345918', '2025-01-06 12:59:17.345918'),
       (2, 2, 2, 76976, 0.9090, 10006.88, 15395.20, '2024-01-10 12:59:17.345935', '2024-05-08 12:59:17.345935'),
       (3, 3, 3, 198413, 1.4244, 25793.69, 39682.60, '2024-01-10 12:59:17.345944', '2024-09-17 12:59:17.345944'),
       (4, 4, 4, 121862, 0.8584, 15842.06, 24372.40, '2024-01-10 12:59:17.345951', '2024-07-20 12:59:17.345951'),
       (5, 5, 5, 196440, 0.5556, 25537.20, 39288.00, '2024-01-10 12:59:17.345958', '2024-12-09 12:59:17.345958'),
       (6, 6, 6, 197545, 1.0009, 25680.85, 39509.00, '2024-01-10 12:59:17.345966', '2024-04-18 12:59:17.345966'),
       (7, 7, 7, 59661, 1.0501, 7755.93, 11932.20, '2024-01-10 12:59:17.345974', '2024-11-17 12:59:17.345974'),
       (8, 8, 8, 193792, 1.0000, 25212.96, 38758.40, '2024-01-10 12:59:17.345981', '2024-04-07 12:59:17.345981'),
       (9, 9, 9, 142367, 0.7138, 18507.71, 28473.40, '2024-01-10 12:59:17.345989', '2024-04-26 12:59:17.345989'),
       (10, 10, 10, 111759, 0.7020, 14528.67, 22351.80, '2024-01-10 12:59:17.345996', '2024-08-08 12:59:17.345996'),
       (11, 11, 11, 114286, 1.2496, 14857.18, 22857.20, '2024-01-10 12:59:17.345996', '2024-12-06 12:59:17.345996'),
       (12, 12, 12, 167413, 0.7469, 21763.69, 33482.60, '2024-01-10 12:59:17.346003', '2024-03-16 12:59:17.346003'),
       (13, 13, 13, 113426, 1.3267, 14745.38, 22685.20, '2024-01-10 12:59:17.346010', '2024-09-03 12:59:17.346010'),
       (14, 14, 14, 92462, 0.8543, 12020.06, 18492.40, '2024-01-10 12:59:17.346018', '2024-07-14 12:59:17.346018'),
       (15, 15, 25, 123065, 1.1034, 15998.45, 24613.00, '2024-01-10 12:59:17.346025', '2024-11-10 12:59:17.346025'),
       (16, 16, 16, 168535, 0.9594, 21909.55, 33707.00, '2024-01-10 12:59:17.346032', '2024-05-26 12:59:17.346032'),
       (17, 17, 17, 161742, 1.0217, 21026.46, 32348.40, '2024-01-10 12:59:17.346039', '2024-10-30 12:59:17.346039'),
       (18, 18, 18, 143678, 1.1367, 18678.14, 28735.60, '2024-01-10 12:59:17.346046', '2024-08-24 12:59:17.346046'),
       (19, 19, 19, 98206, 1.4047, 12766.78, 19641.20, '2024-01-10 12:59:17.346053', '2024-09-07 12:59:17.346053'),
       (20, 20, 20, 156809, 0.5023, 20385.17, 31361.80, '2024-01-10 12:59:17.346060', '2024-07-05 12:59:17.346060'),
       (21, 21, 21, 137869, 0.6473, 17922.97, 27573.80, '2024-01-10 12:59:17.346067', '2024-12-28 12:59:17.346067'),
       (22, 22, 22, 154587, 1.2784, 20096.31, 30917.40, '2024-01-10 12:59:17.346074', '2024-10-14 12:59:17.346074'),
       (23, 23, 23, 119217, 1.1235, 15498.21, 23843.40, '2024-01-10 12:59:17.346081', '2024-06-15 12:59:17.346081'),
       (24, 24, 24, 169723, 1.0556, 22063.99, 33944.60, '2024-01-10 12:59:17.346088', '2024-10-18 12:59:17.346088'),
       (25, 25, 25, 101972, 1.0903, 13256.36, 20394.40, '2024-01-10 12:59:17.346095', '2024-03-03 12:59:17.346095'),
       (26, 26, 26, 168535, 0.9594, 21909.55, 33707.00, '2024-01-10 12:59:17.346032', '2024-05-26 12:59:17.346032'),
       (27, 27, 27, 161742, 1.0217, 21026.46, 32348.40, '2024-01-10 12:59:17.346039', '2024-10-30 12:59:17.346039'),
       (28, 28, 28, 193792, 1.0000, 25212.96, 38758.40, '2024-01-10 12:59:17.345981', '2024-04-07 12:59:17.345981'),
       (29, 29, 29, 142367, 0.7138, 18507.71, 28473.40, '2024-01-10 12:59:17.345989', '2024-04-26 12:59:17.345989'),
       (30, 30, 30, 198413, 1.4244, 25793.69, 39682.60, '2024-01-10 12:59:17.345944', '2024-09-17 12:59:17.345944'),
       (31, 31, 31, 132179, 1.0347, 17183.27, 26435.80, '2024-01-10 12:59:17.345918', '2025-01-06 12:59:17.345918'),
       (32, 32, 32, 167413, 0.7469, 21763.69, 33482.60, '2024-01-10 12:59:17.346003', '2024-03-16 12:59:17.346003'),
       (33, 33, 33, 113426, 1.3267, 14745.38, 22685.20, '2024-01-10 12:59:17.346010', '2024-09-03 12:59:17.346010'),
       (34, 34, 34, 121862, 0.8584, 15842.06, 24372.40, '2024-01-10 12:59:17.345951', '2024-07-20 12:59:17.345951'),
       (35, 35, 35, 123065, 1.1034, 15998.45, 24613.00, '2024-01-10 12:59:17.346025', '2024-11-10 12:59:17.346025'),
       (36, 36, 36, 168535, 0.9594, 21909.55, 33707.00, '2024-01-10 12:59:17.346032', '2024-05-26 12:59:17.346032'),
       (37, 37, 37, 161742, 1.0217, 21026.46, 32348.40, '2024-01-10 12:59:17.346039', '2024-10-30 12:59:17.346039'),
       (38, 38, 38, 193792, 1.0000, 25212.96, 38758.40, '2024-01-10 12:59:17.345981', '2024-04-07 12:59:17.345981'),
       (39, 39, 39, 142367, 0.7138, 18507.71, 28473.40, '2024-01-10 12:59:17.345989', '2024-04-26 12:59:17.345989'),
       (40, 40, 40, 169723, 1.0556, 22063.99, 33944.60, '2024-01-10 12:59:17.346088', '2024-10-18 12:59:17.346088'),
       (41, 41, 41, 132179, 1.0347, 17183.27, 26435.80, '2024-01-10 12:59:17.345918', '2025-01-06 12:59:17.345918'),
       (42, 42, 42, 76976, 0.9090, 10006.88, 15395.20, '2024-01-10 12:59:17.345935', '2024-05-08 12:59:17.345935'),
       (43, 43, 43, 198413, 1.4244, 25793.69, 39682.60, '2024-01-10 12:59:17.345944', '2024-09-17 12:59:17.345944'),
       (44, 44, 44, 121862, 0.8584, 15842.06, 24372.40, '2024-01-10 12:59:17.345951', '2024-07-20 12:59:17.345951'),
       (45, 45, 45, 101972, 1.0903, 13256.36, 20394.40, '2024-01-10 12:59:17.346095', '2024-03-03 12:59:17.346095'),
       (46, 46, 46, 168535, 0.9594, 21909.55, 33707.00, '2024-01-10 12:59:17.346032', '2024-05-26 12:59:17.346032'),
       (47, 47, 47, 161742, 1.0217, 21026.46, 32348.40, '2024-01-10 12:59:17.346039', '2024-10-30 12:59:17.346039'),
       (48, 48, 48, 143678, 1.1367, 18678.14, 28735.60, '2024-01-10 12:59:17.346046', '2024-08-24 12:59:17.346046'),
       (49, 49, 49, 98206, 1.4047, 12766.78, 19641.20, '2024-01-10 12:59:17.346053', '2024-09-07 12:59:17.346053'),
       (50, 50, 50, 196440, 0.5556, 25537.20, 39288.00, '2024-01-10 12:59:17.345958', '2024-12-09 12:59:17.345958'),
       (51, 51, 51, 132179, 1.0347, 17183.27, 26435.80, '2024-01-10 12:59:17.345918', '2025-01-06 12:59:17.345918'),
       (52, 52, 52, 167413, 0.7469, 21763.69, 33482.60, '2024-01-10 12:59:17.346003', '2024-03-16 12:59:17.346003'),
       (53, 53, 53, 113426, 1.3267, 14745.38, 22685.20, '2024-01-10 12:59:17.346010', '2024-09-03 12:59:17.346010'),
       (54, 54, 54, 121862, 0.8584, 15842.06, 24372.40, '2024-01-10 12:59:17.345951', '2024-07-20 12:59:17.345951'),
       (55, 55, 55, 101972, 1.0903, 13256.36, 20394.40, '2024-01-10 12:59:17.346095', '2024-03-03 12:59:17.346095'),
       (56, 56, 56, 197545, 1.0009, 25680.85, 39509.00, '2024-01-10 12:59:17.345966', '2024-04-18 12:59:17.345966'),
       (57, 57, 57, 59661, 1.0501, 7755.93, 11932.20, '2024-01-10 12:59:17.345974', '2024-11-17 12:59:17.345974'),
       (58, 58, 58, 193792, 1.0000, 25212.96, 38758.40, '2024-01-10 12:59:17.345981', '2024-04-07 12:59:17.345981'),
       (59, 59, 59, 142367, 0.7138, 18507.71, 28473.40, '2024-01-10 12:59:17.345989', '2024-04-26 12:59:17.345989'),
       (60, 60, 60, 123065, 1.1034, 15998.45, 24613.00, '2024-01-10 12:59:17.346025', '2024-11-10 12:59:17.346025'),
       (61, 61, 61, 132179, 1.0347, 17183.27, 26435.80, '2024-01-10 12:59:17.345918', '2025-01-06 12:59:17.345918'),
       (62, 62, 62, 167413, 0.7469, 21763.69, 33482.60, '2024-01-10 12:59:17.346003', '2024-03-16 12:59:17.346003'),
       (63, 63, 63, 113426, 1.3267, 14745.38, 22685.20, '2024-01-10 12:59:17.346010', '2024-09-03 12:59:17.346010'),
       (64, 64, 64, 92462, 0.8543, 12020.06, 18492.40, '2024-01-10 12:59:17.346018', '2024-07-14 12:59:17.346018'),
       (65, 65, 65, 101972, 1.0903, 13256.36, 20394.40, '2024-01-10 12:59:17.346095', '2024-03-03 12:59:17.346095'),
       (66, 66, 66, 168535, 0.9594, 21909.55, 33707.00, '2024-01-10 12:59:17.346032', '2024-05-26 12:59:17.346032'),
       (67, 67, 67, 161742, 1.0217, 21026.46, 32348.40, '2024-01-10 12:59:17.346039', '2024-10-30 12:59:17.346039'),
       (68, 68, 68, 193792, 1.0000, 25212.96, 38758.40, '2024-01-10 12:59:17.345981', '2024-04-07 12:59:17.345981'),
       (69, 69, 69, 142367, 0.7138, 18507.71, 28473.40, '2024-01-10 12:59:17.345989', '2024-04-26 12:59:17.345989'),
       (70, 70, 70, 156809, 0.5023, 20385.17, 31361.80, '2024-01-10 12:59:17.346060', '2024-07-05 12:59:17.346060');


INSERT INTO public.indexations (id, user_id, date_begin, percents, currency, salary_before, created_at, updated_at)
VALUES (1, 1, '2023-01-01', 5, 1, 120000, '2024-01-10 13:00:00.000000', '2024-03-20 13:00:00.000000'),
       (2, 2, '2023-02-01', 7, 1, 130000, '2024-01-10 13:00:00.000000', '2024-03-22 13:00:00.000000'),
       (3, 3, '2023-03-01', 6, 1, 125000, '2024-01-10 13:00:00.000000', '2024-03-25 13:00:00.000000'),
       (4, 4, '2023-04-01', 4, 1, 115000, '2024-01-10 13:00:00.000000', '2024-03-28 13:00:00.000000'),
       (5, 5, '2023-05-01', 8, 1, 135000, '2024-01-10 13:00:00.000000', '2024-03-30 13:00:00.000000'),
       (6, 6, '2023-06-01', 5, 1, 122000, '2024-01-10 13:00:00.000000', '2024-04-01 13:00:00.000000'),
       (7, 7, '2023-07-01', 7, 1, 128000, '2024-01-10 13:00:00.000000', '2024-04-04 13:00:00.000000'),
       (8, 8, '2023-08-01', 6, 1, 126000, '2024-01-10 13:00:00.000000', '2024-04-06 13:00:00.000000'),
       (9, 9, '2023-09-01', 5, 1, 121000, '2024-01-10 13:00:00.000000', '2024-04-08 13:00:00.000000'),
       (10, 10, '2023-10-01', 4, 1, 114000, '2024-01-10 13:00:00.000000', '2024-04-10 13:00:00.000000'),
       (11, 11, '2023-11-01', 8, 1, 136000, '2024-01-10 13:00:00.000000', '2024-04-12 13:00:00.000000'),
       (12, 12, '2023-12-01', 7, 1, 129000, '2024-01-10 13:00:00.000000', '2024-04-14 13:00:00.000000'),
       (13, 13, '2024-01-01', 6, 1, 127000, '2024-01-10 13:00:00.000000', '2024-04-16 13:00:00.000000'),
       (14, 14, '2024-02-01', 5, 1, 123000, '2024-01-10 13:00:00.000000', '2024-04-18 13:00:00.000000'),
       (15, 15, '2024-03-01', 9, 1, 138000, '2024-01-10 13:00:00.000000', '2024-04-20 13:00:00.000000'),
       (16, 16, '2024-04-01', 8, 1, 135000, '2024-01-10 13:00:00.000000', '2024-04-22 13:00:00.000000'),
       (17, 17, '2024-05-01', 6, 1, 126000, '2024-01-10 13:00:00.000000', '2024-04-24 13:00:00.000000'),
       (18, 18, '2024-06-01', 7, 1, 128000, '2024-01-10 13:00:00.000000', '2024-04-26 13:00:00.000000'),
       (19, 19, '2024-07-01', 5, 1, 121000, '2024-01-10 13:00:00.000000', '2024-04-28 13:00:00.000000'),
       (20, 20, '2024-08-01', 4, 1, 118000, '2024-01-10 13:00:00.000000', '2024-04-30 13:00:00.000000'),
       (21, 21, '2024-09-01', 9, 1, 139000, '2024-01-10 13:00:00.000000', '2024-05-02 13:00:00.000000'),
       (22, 22, '2024-10-01', 8, 1, 136000, '2024-01-10 13:00:00.000000', '2024-05-04 13:00:00.000000'),
       (23, 23, '2024-11-01', 6, 1, 124000, '2024-01-10 13:00:00.000000', '2024-05-06 13:00:00.000000'),
       (24, 24, '2023-10-01', 7, 1, 128000, '2024-01-10 13:00:00.000000', '2024-04-26 13:00:00.000000'),
       (25, 25, '2024-07-01', 3, 1, 138000, '2024-01-10 13:00:00.000000', '2024-04-30 13:00:00.000000'),
       (26, 26, '2023-11-01', 8, 1, 136000, '2024-01-10 13:00:00.000000', '2024-04-12 13:00:00.000000'),
       (27, 27, '2024-05-01', 6, 1, 126000, '2024-01-10 13:00:00.000000', '2024-04-24 13:00:00.000000'),
       (28, 28, '2023-08-01', 6, 1, 126000, '2024-01-10 13:00:00.000000', '2024-04-06 13:00:00.000000'),
       (29, 29, '2024-07-01', 5, 1, 121000, '2024-01-10 13:00:00.000000', '2024-04-28 13:00:00.000000'),
       (30, 30, '2023-03-01', 6, 1, 125000, '2024-01-10 13:00:00.000000', '2024-03-25 13:00:00.000000'),
       (31, 31, '2023-11-01', 8, 1, 136000, '2024-01-10 13:00:00.000000', '2024-04-12 13:00:00.000000'),
       (32, 32, '2023-12-01', 7, 1, 129000, '2024-01-10 13:00:00.000000', '2024-04-14 13:00:00.000000'),
       (33, 33, '2024-11-01', 6, 1, 124000, '2024-01-10 13:00:00.000000', '2024-05-06 13:00:00.000000'),
       (34, 34, '2023-06-01', 5, 1, 122000, '2024-01-10 13:00:00.000000', '2024-04-01 13:00:00.000000'),
       (35, 35, '2023-07-01', 7, 1, 128000, '2024-01-10 13:00:00.000000', '2024-04-04 13:00:00.000000'),
       (36, 36, '2024-04-01', 8, 1, 135000, '2024-01-10 13:00:00.000000', '2024-04-22 13:00:00.000000'),
       (37, 37, '2024-05-01', 6, 1, 126000, '2024-01-10 13:00:00.000000', '2024-04-24 13:00:00.000000'),
       (38, 38, '2023-08-01', 6, 1, 126000, '2024-01-10 13:00:00.000000', '2024-04-06 13:00:00.000000'),
       (39, 39, '2023-09-01', 5, 1, 121000, '2024-01-10 13:00:00.000000', '2024-04-08 13:00:00.000000'),
       (40, 40, '2024-02-01', 5, 1, 123000, '2024-01-10 13:00:00.000000', '2024-04-18 13:00:00.000000'),
       (41, 41, '2024-09-01', 9, 1, 139000, '2024-01-10 13:00:00.000000', '2024-05-02 13:00:00.000000'),
       (42, 42, '2024-10-01', 8, 1, 136000, '2024-01-10 13:00:00.000000', '2024-05-04 13:00:00.000000'),
       (43, 43, '2024-01-01', 6, 1, 127000, '2024-01-10 13:00:00.000000', '2024-04-16 13:00:00.000000'),
       (44, 44, '2024-02-01', 5, 1, 123000, '2024-01-10 13:00:00.000000', '2024-04-18 13:00:00.000000'),
       (45, 45, '2024-03-01', 9, 1, 138000, '2024-01-10 13:00:00.000000', '2024-04-20 13:00:00.000000'),
       (46, 46, '2023-06-01', 5, 1, 122000, '2024-01-10 13:00:00.000000', '2024-04-01 13:00:00.000000'),
       (47, 47, '2023-07-01', 7, 1, 128000, '2024-01-10 13:00:00.000000', '2024-04-04 13:00:00.000000'),
       (48, 48, '2024-06-01', 7, 1, 128000, '2024-01-10 13:00:00.000000', '2024-04-26 13:00:00.000000'),
       (49, 49, '2024-07-01', 5, 1, 121000, '2024-01-10 13:00:00.000000', '2024-04-28 13:00:00.000000'),
       (50, 50, '2024-03-01', 9, 1, 138000, '2024-01-10 13:00:00.000000', '2024-04-20 13:00:00.000000'),
       (51, 51, '2024-07-01', 3, 1, 138000, '2024-01-10 13:00:00.000000', '2024-04-30 13:00:00.000000'),
       (52, 52, '2023-12-01', 7, 1, 129000, '2024-01-10 13:00:00.000000', '2024-04-14 13:00:00.000000'),
       (53, 53, '2024-11-01', 6, 1, 124000, '2024-01-10 13:00:00.000000', '2024-05-06 13:00:00.000000'),
       (54, 54, '2023-06-01', 5, 1, 122000, '2024-01-10 13:00:00.000000', '2024-04-01 13:00:00.000000'),
       (56, 56, '2023-06-01', 5, 1, 122000, '2024-01-10 13:00:00.000000', '2024-04-01 13:00:00.000000'),
       (57, 57, '2023-07-01', 7, 1, 128000, '2024-01-10 13:00:00.000000', '2024-04-04 13:00:00.000000'),
       (58, 58, '2023-08-01', 6, 1, 126000, '2024-01-10 13:00:00.000000', '2024-04-06 13:00:00.000000'),
       (59, 59, '2024-07-01', 5, 1, 121000, '2024-01-10 13:00:00.000000', '2024-04-28 13:00:00.000000'),
       (60, 60, '2023-03-01', 6, 1, 125000, '2024-01-10 13:00:00.000000', '2024-03-25 13:00:00.000000'),
       (61, 61, '2024-09-01', 9, 1, 139000, '2024-01-10 13:00:00.000000', '2024-05-02 13:00:00.000000'),
       (62, 62, '2024-10-01', 8, 1, 136000, '2024-01-10 13:00:00.000000', '2024-05-04 13:00:00.000000'),
       (63, 63, '2024-11-01', 6, 1, 124000, '2024-01-10 13:00:00.000000', '2024-05-06 13:00:00.000000'),
       (64, 64, '2023-10-01', 7, 1, 128000, '2024-01-10 13:00:00.000000', '2024-04-26 13:00:00.000000'),
       (65, 65, '2024-03-01', 9, 1, 138000, '2024-01-10 13:00:00.000000', '2024-04-20 13:00:00.000000'),
       (66, 66, '2024-04-01', 8, 1, 135000, '2024-01-10 13:00:00.000000', '2024-04-22 13:00:00.000000'),
       (67, 67, '2023-07-01', 7, 1, 128000, '2024-01-10 13:00:00.000000', '2024-04-04 13:00:00.000000'),
       (68, 68, '2023-08-01', 6, 1, 126000, '2024-01-10 13:00:00.000000', '2024-04-06 13:00:00.000000'),
       (69, 69, '2023-09-01', 5, 1, 121000, '2024-01-10 13:00:00.000000', '2024-04-08 13:00:00.000000'),
       (70, 70, '2024-02-01', 5, 1, 123000, '2024-01-10 13:00:00.000000', '2024-04-18 13:00:00.000000');


INSERT INTO public.experiences (id, user_id, company_name, date_begin, date_end, position, functional, awards, created_at, updated_at)
VALUES (1, 1, 'ФГ Будущее', '2020-03-01', '2023-01-30', 'Телемастер', 'Монетизация стратегических сетей', 'Лучший сотрудник года', '2022-08-09 09:41:52', '2023-09-12 00:21:43'),
       (2, 2, 'Mail.Ru Group', '2019-02-16', '2020-09-29', 'Ювелир', 'Эксплуатация распределённых функций', 'Премия за инновационный подход', '2020-10-25 09:29:28', '2023-08-12 18:59:08'),
       (3, 3, 'ООО «Шарапова»', '2014-06-12', '2021-11-16', 'Бармен', 'Монетизация революционных схем', 'Грамота за профессионализм', '2021-05-09 04:00:21', '2022-05-17 07:11:12'),
       (4, 4, 'ЗАО «Осипов, Ширяев и Доронин»', '2016-01-06', '2017-11-03', 'Профпатолог', 'Формирование мультимедийных рынков', 'Награда за выдающиеся достижения', '2020-02-27 19:23:58', '2020-06-26 12:22:52'),
       (5, 5, 'Ситникова Групп', '2014-04-05', '2021-03-24', 'Телемастер', 'Переосмысление концептуальных технологий', 'Почётная грамота', '2021-10-22 10:58:02', '2023-05-13 08:24:40'),
       (6, 6, 'Савельева Инкорпорэйтед', '2023-07-30', '2023-11-12', 'Швея', 'Оптимизация лучших в своём роде результатов', 'Прочный и основной протокол', '2021-01-28 01:26:06', '2021-05-24 02:23:01'),
       (7, 7, 'Орлова Лтд', '2015-08-29', '2016-12-10', 'Шкипер', 'Обеспечение эффективных сообществ', 'Адаптивная и ультрасовременная фокус-группа', '2021-10-27 02:57:50', '2022-11-18 14:42:36'),
       (8, 8, 'РАО «Дьячков, Сазонов и Осипова»', '2018-11-17', '2020-04-06', 'Особист', 'Мотивация сенсационных инфраструктур', 'Переосмысленный и радикальный графический интерфейс', '2021-04-21 22:54:01', '2022-01-19 02:10:53'),
       (9, 9, 'ЗАО «Волкова»', '2018-09-03', '2019-11-01', 'Радиомеханик', 'Внедрение действенных рынков', 'Превентивная и прибыльная инициатива', '2023-06-24 13:16:30', '2023-06-28 09:41:08'),
       (10, 10, 'НПО «Зыкова»', '2021-07-29', '2023-09-18', 'Хореограф', 'Эксплуатация заказных знаний', 'Сокращенная и системная структура', '2021-12-17 07:48:27', '2023-08-24 04:11:20'),
       (11, 11, 'РАО «Тихонова Попов»', '2018-11-19', '2020-07-19', 'Акушер', 'Максимизация цельных систем снабжения', 'Корпоративный и прибыльный модератор', '2020-06-27 19:34:06', '2022-10-28 10:47:13'),
       (12, 12, 'ООО Рога и Копыта', '2020-09-26', '2022-02-25', 'Финансист', 'Оцифровка богатых решений', 'Многогранный и локальный модератор', '2020-12-27 23:56:37', '2022-02-20 10:40:09'),
       (13, 13, 'Купишуз (Lamoda)', '2023-04-24', '2023-05-04', 'Акушер', 'Модернизация серверных интернет-продавцов', 'Цельное и нейтральное отношение', '2020-10-21 14:18:24', '2020-12-15 09:05:26'),
       (14, 14, 'АО "Лидер"', '2015-03-10', '2018-06-15', 'Системный аналитик', 'Автоматизация ключевых процессов', 'Инновационный и креативный подход', '2021-11-11 12:17:33', '2022-12-05 16:39:48'),
       (15, 15, 'ООО «Назаров, Матвеев и Корнилова»', '2017-12-03', '2021-07-07', 'Почтальон', 'Переопределение индивидуальных интернет-магазинов', 'Сбалансированная и встречная реализация', '2020-10-24 20:23:19', '2020-12-08 11:16:08'),
       (16, 16, 'Рожков Лтд', '2022-06-21', '2023-01-18', 'Коммерческий директор', 'Распределение революционных схем', 'Делегируемая и статическая вероятность', '2022-02-15 10:06:06', '2023-09-14 21:22:58'),
       (17, 17, 'РАО «Соловьева-Брагина»', '2023-09-03', '2023-10-12', 'Орнитолог', 'Генерация стратегических ниш', 'Бизнес-ориентированный и третичный инструментарий', '2021-01-13 12:38:56', '2022-03-14 09:44:45'),
       (18, 18, 'Петухов и партнеры', '2021-06-08', '2022-10-13', 'Диктор', 'Мотивация соблазнительных методик', 'Централизованное и аналитическое программное обеспечение', '2023-11-29 10:18:09', '2023-12-02 04:16:58'),
       (19, 19, 'РКК Энергия', '2022-06-29', '2023-05-04', 'Автогонщик', 'Объединение современных результатов', 'Продвинутый и специализированный графический интерфейс пользователя', '2023-02-02 16:52:06', '2023-02-09 01:35:49'),
       (20, 20, 'АО «Игнатова»', '2022-11-26', '2022-12-03', 'Кодер', 'Обеспечение критически важных интернет-компаний', 'Превентивное и составное совершенствование процесса', '2020-06-25 12:44:34', '2022-09-25 04:15:45'),
       (21, 21, 'АО «Исаков-Сергеев»', '2023-01-03', '2023-03-24', 'Специалист по клеточным технологиям', 'Переосмысление интегрированных знаний', 'Модернизируемый и итернациональный подход', '2022-06-08 07:16:57', '2023-09-06 14:13:21'),
       (22, 22, 'ЗАО «Корнилов, Нестерова и Осипова»', '2014-07-23', '2022-09-29', 'Переводчик', 'Эксплуатация ориентированных на пользователя интернет-магазинов', 'Межгрупповой и круглосуточный подход', '2020-02-20 02:50:13', '2023-12-16 12:49:28'),
       (23, 23, 'Владимиров и партнеры', '2020-12-16', '2021-08-29', 'Иммунолог', 'Охват ультрасовременных интерфейсов', 'Бизнес-ориентированный и приоритетный массив', '2021-05-23 14:46:29', '2022-05-28 03:01:37'),
       (24, 24, 'Родионов Инкорпорэйтед', '2023-02-03', '2023-12-03', 'Монтажник', 'Переопределение B2B каналов', 'Управляемое и объектно-ориентированное совершенствование процесса', '2020-04-13 12:14:21', '2022-03-24 01:03:17'),
       (25, 25, 'Анисимов и партнеры', '2022-07-18', '2022-10-16', 'Дефектолог', 'Реализация популярных платформ', 'Оперативная и последовательная конгломерация', '2022-04-21 16:59:27', '2023-05-23 16:29:25'),
       (26, 26, 'Савельева Инкорпорэйтед', '2023-07-30', '2023-11-12', 'Швея', 'Оптимизация лучших в своём роде результатов', 'Прочный и основной протокол', '2021-01-28 01:26:06', '2021-05-24 02:23:01'),
       (27, 27, 'Орлова Лтд', '2015-08-29', '2016-12-10', 'Шкипер', 'Обеспечение эффективных сообществ', 'Адаптивная и ультрасовременная фокус-группа', '2021-10-27 02:57:50', '2022-11-18 14:42:36'),
       (28, 28, 'Петухов и партнеры', '2021-06-08', '2022-10-13', 'Диктор', 'Мотивация соблазнительных методик', 'Централизованное и аналитическое программное обеспечение', '2023-11-29 10:18:09', '2023-12-02 04:16:58'),
       (29, 29, 'РКК Энергия', '2022-06-29', '2023-05-04', 'Автогонщик', 'Объединение современных результатов', 'Продвинутый и специализированный графический интерфейс пользователя', '2023-02-02 16:52:06', '2023-02-09 01:35:49'),
       (30, 30, 'НПО «Зыкова»', '2021-07-29', '2023-09-18', 'Хореограф', 'Эксплуатация заказных знаний', 'Сокращенная и системная структура', '2021-12-17 07:48:27', '2023-08-24 04:11:20'),
       (31, 31, 'ООО «Шарапова»', '2014-06-12', '2021-11-16', 'Бармен', 'Монетизация революционных схем', 'Грамота за профессионализм', '2021-05-09 04:00:21', '2022-05-17 07:11:12'),
       (32, 32, 'ООО Рога и Копыта', '2020-09-26', '2022-02-25', 'Финансист', 'Оцифровка богатых решений', 'Многогранный и локальный модератор', '2020-12-27 23:56:37', '2022-02-20 10:40:09'),
       (33, 33, 'Купишуз (Lamoda)', '2023-04-24', '2023-05-04', 'Акушер', 'Модернизация серверных интернет-продавцов', 'Цельное и нейтральное отношение', '2020-10-21 14:18:24', '2020-12-15 09:05:26'),
       (34, 34, 'ЗАО «Осипов, Ширяев и Доронин»', '2016-01-06', '2017-11-03', 'Профпатолог', 'Формирование мультимедийных рынков', 'Награда за выдающиеся достижения', '2020-02-27 19:23:58', '2020-06-26 12:22:52'),
       (35, 35, 'Анисимов и партнеры', '2022-07-18', '2022-10-16', 'Дефектолог', 'Реализация популярных платформ', 'Оперативная и последовательная конгломерация', '2022-04-21 16:59:27', '2023-05-23 16:29:25'),
       (36, 36, 'Рожков Лтд', '2022-06-21', '2023-01-18', 'Коммерческий директор', 'Распределение революционных схем', 'Делегируемая и статическая вероятность', '2022-02-15 10:06:06', '2023-09-14 21:22:58'),
       (37, 37, 'РАО «Соловьева-Брагина»', '2023-09-03', '2023-10-12', 'Орнитолог', 'Генерация стратегических ниш', 'Бизнес-ориентированный и третичный инструментарий', '2021-01-13 12:38:56', '2022-03-14 09:44:45'),
       (38, 38, 'РАО «Дьячков, Сазонов и Осипова»', '2018-11-17', '2020-04-06', 'Особист', 'Мотивация сенсационных инфраструктур', 'Переосмысленный и радикальный графический интерфейс', '2021-04-21 22:54:01', '2022-01-19 02:10:53'),
       (39, 39, 'ЗАО «Волкова»', '2018-09-03', '2019-11-01', 'Радиомеханик', 'Внедрение действенных рынков', 'Превентивная и прибыльная инициатива', '2023-06-24 13:16:30', '2023-06-28 09:41:08'),
       (40, 40, 'АО "Лидер"', '2015-03-10', '2018-06-15', 'Системный аналитик', 'Автоматизация ключевых процессов', 'Инновационный и креативный подход', '2021-11-11 12:17:33', '2022-12-05 16:39:48'),
       (41, 41, 'РАО «Тихонова Попов»', '2018-11-19', '2020-07-19', 'Акушер', 'Максимизация цельных систем снабжения', 'Корпоративный и прибыльный модератор', '2020-06-27 19:34:06', '2022-10-28 10:47:13'),
       (42, 42, 'ООО Рога и Копыта', '2020-09-26', '2022-02-25', 'Финансист', 'Оцифровка богатых решений', 'Многогранный и локальный модератор', '2020-12-27 23:56:37', '2022-02-20 10:40:09'),
       (43, 43, 'ООО «Шарапова»', '2014-06-12', '2021-11-16', 'Бармен', 'Монетизация революционных схем', 'Грамота за профессионализм', '2021-05-09 04:00:21', '2022-05-17 07:11:12'),
       (44, 44, 'ЗАО «Осипов, Ширяев и Доронин»', '2016-01-06', '2017-11-03', 'Профпатолог', 'Формирование мультимедийных рынков', 'Награда за выдающиеся достижения', '2020-02-27 19:23:58', '2020-06-26 12:22:52'),
       (45, 45, 'Ситникова Групп', '2014-04-05', '2021-03-24', 'Телемастер', 'Переосмысление концептуальных технологий', 'Почётная грамота', '2021-10-22 10:58:02', '2023-05-13 08:24:40'),
       (46, 46, 'Савельева Инкорпорэйтед', '2023-07-30', '2023-11-12', 'Швея', 'Оптимизация лучших в своём роде результатов', 'Прочный и основной протокол', '2021-01-28 01:26:06', '2021-05-24 02:23:01'),
       (47, 47, 'Орлова Лтд', '2015-08-29', '2016-12-10', 'Шкипер', 'Обеспечение эффективных сообществ', 'Адаптивная и ультрасовременная фокус-группа', '2021-10-27 02:57:50', '2022-11-18 14:42:36'),
       (48, 48, 'РАО «Дьячков, Сазонов и Осипова»', '2018-11-17', '2020-04-06', 'Особист', 'Мотивация сенсационных инфраструктур', 'Переосмысленный и радикальный графический интерфейс', '2021-04-21 22:54:01', '2022-01-19 02:10:53'),
       (49, 49, 'РКК Энергия', '2022-06-29', '2023-05-04', 'Автогонщик', 'Объединение современных результатов', 'Продвинутый и специализированный графический интерфейс пользователя', '2023-02-02 16:52:06', '2023-02-09 01:35:49'),
       (50, 50, 'АО «Игнатова»', '2022-11-26', '2022-12-03', 'Кодер', 'Обеспечение критически важных интернет-компаний', 'Превентивное и составное совершенствование процесса', '2020-06-25 12:44:34', '2022-09-25 04:15:45'),
       (51, 51, 'Ситникова Групп', '2014-04-05', '2021-03-24', 'Телемастер', 'Переосмысление концептуальных технологий', 'Почётная грамота', '2021-10-22 10:58:02', '2023-05-13 08:24:40'),
       (52, 52, 'Савельева Инкорпорэйтед', '2023-07-30', '2023-11-12', 'Швея', 'Оптимизация лучших в своём роде результатов', 'Прочный и основной протокол', '2021-01-28 01:26:06', '2021-05-24 02:23:01'),
       (53, 53, 'ООО «Шарапова»', '2014-06-12', '2021-11-16', 'Бармен', 'Монетизация революционных схем', 'Грамота за профессионализм', '2021-05-09 04:00:21', '2022-05-17 07:11:12'),
       (54, 54, 'АО «Игнатова»', '2022-11-26', '2022-12-03', 'Кодер', 'Обеспечение критически важных интернет-компаний', 'Превентивное и составное совершенствование процесса', '2020-06-25 12:44:34', '2022-09-25 04:15:45'),
       (55, 55, 'АО «Исаков-Сергеев»', '2023-01-03', '2023-03-24', 'Специалист по клеточным технологиям', 'Переосмысление интегрированных знаний', 'Модернизируемый и итернациональный подход', '2022-06-08 07:16:57', '2023-09-06 14:13:21'),
       (56, 56, 'ЗАО «Корнилов, Нестерова и Осипова»', '2014-07-23', '2022-09-29', 'Переводчик', 'Эксплуатация ориентированных на пользователя интернет-магазинов', 'Межгрупповой и круглосуточный подход', '2020-02-20 02:50:13', '2023-12-16 12:49:28'),
       (57, 57, 'Владимиров и партнеры', '2020-12-16', '2021-08-29', 'Иммунолог', 'Охват ультрасовременных интерфейсов', 'Бизнес-ориентированный и приоритетный массив', '2021-05-23 14:46:29', '2022-05-28 03:01:37'),
       (58, 58, 'Петухов и партнеры', '2021-06-08', '2022-10-13', 'Диктор', 'Мотивация соблазнительных методик', 'Централизованное и аналитическое программное обеспечение', '2023-11-29 10:18:09', '2023-12-02 04:16:58'),
       (59, 59, 'ЗАО «Волкова»', '2018-09-03', '2019-11-01', 'Радиомеханик', 'Внедрение действенных рынков', 'Превентивная и прибыльная инициатива', '2023-06-24 13:16:30', '2023-06-28 09:41:08'),
       (60, 60, 'Анисимов и партнеры', '2022-07-18', '2022-10-16', 'Дефектолог', 'Реализация популярных платформ', 'Оперативная и последовательная конгломерация', '2022-04-21 16:59:27', '2023-05-23 16:29:25'),
       (61, 61, 'АО «Исаков-Сергеев»', '2023-01-03', '2023-03-24', 'Специалист по клеточным технологиям', 'Переосмысление интегрированных знаний', 'Модернизируемый и итернациональный подход', '2022-06-08 07:16:57', '2023-09-06 14:13:21'),
       (62, 62, 'ЗАО «Корнилов, Нестерова и Осипова»', '2014-07-23', '2022-09-29', 'Переводчик', 'Эксплуатация ориентированных на пользователя интернет-магазинов', 'Межгрупповой и круглосуточный подход', '2020-02-20 02:50:13', '2023-12-16 12:49:28'),
       (63, 63, 'Купишуз (Lamoda)', '2023-04-24', '2023-05-04', 'Акушер', 'Модернизация серверных интернет-продавцов', 'Цельное и нейтральное отношение', '2020-10-21 14:18:24', '2020-12-15 09:05:26'),
       (64, 64, 'АО "Лидер"', '2015-03-10', '2018-06-15', 'Системный аналитик', 'Автоматизация ключевых процессов', 'Инновационный и креативный подход', '2021-11-11 12:17:33', '2022-12-05 16:39:48'),
       (65, 65, 'Анисимов и партнеры', '2022-07-18', '2022-10-16', 'Дефектолог', 'Реализация популярных платформ', 'Оперативная и последовательная конгломерация', '2022-04-21 16:59:27', '2023-05-23 16:29:25'),
       (66, 66, 'Савельева Инкорпорэйтед', '2023-07-30', '2023-11-12', 'Швея', 'Оптимизация лучших в своём роде результатов', 'Прочный и основной протокол', '2021-01-28 01:26:06', '2021-05-24 02:23:01'),
       (67, 67, 'Орлова Лтд', '2015-08-29', '2016-12-10', 'Шкипер', 'Обеспечение эффективных сообществ', 'Адаптивная и ультрасовременная фокус-группа', '2021-10-27 02:57:50', '2022-11-18 14:42:36'),
       (68, 68, 'РАО «Дьячков, Сазонов и Осипова»', '2018-11-17', '2020-04-06', 'Особист', 'Мотивация сенсационных инфраструктур', 'Переосмысленный и радикальный графический интерфейс', '2021-04-21 22:54:01', '2022-01-19 02:10:53'),
       (69, 69, 'РКК Энергия', '2022-06-29', '2023-05-04', 'Автогонщик', 'Объединение современных результатов', 'Продвинутый и специализированный графический интерфейс пользователя', '2023-02-02 16:52:06', '2023-02-09 01:35:49'),
       (70, 70, 'НПО «Зыкова»', '2021-07-29', '2023-09-18', 'Хореограф', 'Эксплуатация заказных знаний', 'Сокращенная и системная структура', '2021-12-17 07:48:27', '2023-08-24 04:11:20');

INSERT INTO visas (user_id, passport_id, number, issued_state, valid_to, valid_from, number_entries)
VALUES
    (1, 1, 'VISA1001', 'Россия', '2025-01-01', '2023-01-01', '1'),
    (2, 2, 'VISA1002', 'США', '2024-05-20', '2023-02-15', '2'),
    (3, 3, 'VISA1003', 'Канада', '2023-11-30', '2022-05-10', 'mult'),
    (4, 4, 'VISA1004', 'Франция', '2026-07-15', '2025-06-01', '1'),
    (5, 5, 'VISA1005', 'Германия', '2027-08-21', '2026-07-11', '2'),
    (6, 6, 'VISA1006', 'Италия', '2023-03-12', '2022-03-01', 'mult'),
    (7, 7, 'VISA1007', 'Испания', '2025-09-18', '2024-08-30', '1'),
    (8, 8, 'VISA1008', 'Бразилия', '2028-10-05', '2027-09-20', '2'),
    (9, 9, 'VISA1009', 'Австралия', '2024-04-25', '2023-04-10', 'mult'),
    (10, 10, 'VISA1010', 'Япония', '2026-12-31', '2025-12-15', '1'),
    (11, 11, 'VISA1011', 'Южная Корея', '2024-06-18', '2023-05-03', '2'),
    (12, 12, 'VISA1012', 'Индия', '2025-07-20', '2024-07-05', 'mult'),
    (13, 13, 'VISA1013', 'Китай', '2026-08-30', '2025-08-15', '1'),
    (14, 14, 'VISA1014', 'Таиланд', '2023-09-14', '2022-08-29', '2'),
    (15, 15, 'VISA1015', 'Мексика', '2027-10-09', '2026-09-24', 'mult'),
    (16, 16, 'VISA1016', 'Турция', '2024-11-23', '2023-11-08', '1'),
    (17, 17, 'VISA1017', 'Египет', '2025-12-18', '2024-12-03', '2'),
    (18, 18, 'VISA1018', 'Норвегия', '2026-01-12', '2025-12-28', 'mult'),
    (19, 19, 'VISA1019', 'Швеция', '2027-02-16', '2026-02-01', '1'),
    (20, 20, 'VISA1020', 'Финляндия', '2024-03-21', '2023-03-06', '2'),
    (21, 21, 'VISA1021', 'Нидерланды', '2025-04-25', '2024-04-10', 'mult'),
    (22, 22, 'VISA1022', 'Бельгия', '2026-05-30', '2025-05-15', '1'),
    (23, 23, 'VISA1023', 'Люксембург', '2027-06-14', '2026-05-30', '2'),
    (24, 24, 'VISA1024', 'Португалия', '2024-07-19', '2023-07-04', 'mult'),
    (25, 25, 'VISA1025', 'Ирландия', '2025-08-23', '2024-08-08', '1'),
    (26, 26, 'VISA1009', 'Австралия', '2024-04-25', '2023-04-10', 'mult'),
    (27, 27, 'VISA1017', 'Египет', '2025-12-18', '2024-12-03', '2'),
    (28, 28, 'VISA1018', 'Норвегия', '2026-01-12', '2025-12-28', 'mult'),
    (29, 29, 'VISA1006', 'Италия', '2023-03-12', '2022-03-01', 'mult'),
    (30, 30, 'VISA1010', 'Япония', '2026-12-31', '2025-12-15', '1'),
    (31, 31, 'VISA1001', 'Россия', '2025-01-01', '2023-01-01', '1'),
    (32, 32, 'VISA1002', 'США', '2024-05-20', '2023-02-15', '2'),
    (33, 33, 'VISA1013', 'Китай', '2026-08-30', '2025-08-15', '1'),
    (34, 34, 'VISA1024', 'Португалия', '2024-07-19', '2023-07-04', 'mult'),
    (35, 35, 'VISA1005', 'Германия', '2027-08-21', '2026-07-11', '2'),
    (36, 36, 'VISA1006', 'Италия', '2023-03-12', '2022-03-01', 'mult'),
    (37, 37, 'VISA1017', 'Египет', '2025-12-18', '2024-12-03', '2'),
    (38, 38, 'VISA1018', 'Норвегия', '2026-01-12', '2025-12-28', 'mult'),
    (39, 39, 'VISA1009', 'Австралия', '2024-04-25', '2023-04-10', 'mult'),
    (40, 40, 'VISA1007', 'Испания', '2025-09-18', '2024-08-30', '1'),
    (41, 41, 'VISA1011', 'Южная Корея', '2024-06-18', '2023-05-03', '2'),
    (42, 42, 'VISA1019', 'Швеция', '2027-02-16', '2026-02-01', '1'),
    (43, 43, 'VISA1020', 'Финляндия', '2024-03-21', '2023-03-06', '2'),
    (44, 44, 'VISA1014', 'Таиланд', '2023-09-14', '2022-08-29', '2'),
    (45, 45, 'VISA1015', 'Мексика', '2027-10-09', '2026-09-24', 'mult'),
    (46, 46, 'VISA1012', 'Индия', '2025-07-20', '2024-07-05', 'mult'),
    (47, 47, 'VISA1013', 'Китай', '2026-08-30', '2025-08-15', '1'),
    (48, 48, 'VISA1018', 'Норвегия', '2026-01-12', '2025-12-28', 'mult'),
    (49, 49, 'VISA1003', 'Канада', '2023-11-30', '2022-05-10', 'mult'),
    (50, 50, 'VISA1020', 'Финляндия', '2024-03-21', '2023-03-06', '2'),
    (51, 51, 'VISA1024', 'Португалия', '2024-07-19', '2023-07-04', 'mult'),
    (52, 52, 'VISA1025', 'Ирландия', '2025-08-23', '2024-08-08', '1'),
    (53, 53, 'VISA1023', 'Люксембург', '2027-06-14', '2026-05-30', '2'),
    (54, 54, 'VISA1005', 'Германия', '2027-08-21', '2026-07-11', '2'),
    (55, 55, 'VISA1008', 'Бразилия', '2028-10-05', '2027-09-20', '2'),
    (56, 56, 'VISA1009', 'Австралия', '2024-04-25', '2023-04-10', 'mult'),
    (57, 57, 'VISA1017', 'Египет', '2025-12-18', '2024-12-03', '2'),
    (58, 58, 'VISA1018', 'Норвегия', '2026-01-12', '2025-12-28', 'mult'),
    (59, 59, 'VISA1009', 'Австралия', '2024-04-25', '2023-04-10', 'mult'),
    (60, 60, 'VISA1016', 'Турция', '2024-11-23', '2023-11-08', '1'),
    (61, 61, 'VISA1021', 'Нидерланды', '2025-04-25', '2024-04-10', 'mult'),
    (62, 62, 'VISA1022', 'Бельгия', '2026-05-30', '2025-05-15', '1'),
    (63, 63, 'VISA1003', 'Канада', '2023-11-30', '2022-05-10', 'mult'),
    (64, 64, 'VISA1004', 'Франция', '2026-07-15', '2025-06-01', '1'),
    (65, 65, 'VISA1025', 'Ирландия', '2025-08-23', '2024-08-08', '1'),
    (66, 66, 'VISA1008', 'Бразилия', '2028-10-05', '2027-09-20', '2'),
    (67, 67, 'VISA1009', 'Австралия', '2024-04-25', '2023-04-10', 'mult'),
    (68, 68, 'VISA1010', 'Япония', '2026-12-31', '2025-12-15', '1'),
    (69, 69, 'VISA1011', 'Южная Корея', '2024-06-18', '2023-05-03', '2'),
    (70, 70, 'VISA1001', 'Россия', '2025-01-01', '2023-01-01', '1');
-- commit the change
COMMIT;